dataset,npy_path,T_2Hz,n_layers,dim
ses-001_task-bourne01,/home/lawrence/Desktop/algonauts-2025/algonauts2025/pipeline_TRIBE/TRIBE_8features/text_2hz/sub-01/ses-001_task-bourne01.npy,1193,28,3072
ses-001_task-bourne02,/home/lawrence/Desktop/algonauts-2025/algonauts2025/pipeline_TRIBE/TRIBE_8features/text_2hz/sub-01/ses-001_task-bourne02.npy,1199,28,3072
ses-001_task-bourne03,/home/lawrence/Desktop/algonauts-2025/algonauts2025/pipeline_TRIBE/TRIBE_8features/text_2hz/sub-01/ses-001_task-bourne03.npy,1199,28,3072
ses-001_task-bourne04,/home/lawrence/Desktop/algonauts-2025/algonauts2025/pipeline_TRIBE/TRIBE_8features/text_2hz/sub-01/ses-001_task-bourne04.npy,1199,28,3072
ses-001_task-bourne05,/home/lawrence/Desktop/algonauts-2025/algonauts2025/pipeline_TRIBE/TRIBE_8features/text_2hz/sub-01/ses-001_task-bourne05.npy,1199,28,3072
ses-001_task-s01e02a,/home/lawrence/Desktop/algonauts-2025/algonauts2025/pipeline_TRIBE/TRIBE_8features/text_2hz/sub-01/ses-001_task-s01e02a.npy,1429,28,3072
ses-001_task-s01e02b,/home/lawrence/Desktop/algonauts-2025/algonauts2025/pipeline_TRIBE/TRIBE_8features/text_2hz/sub-01/ses-001_task-s01e02b.npy,1429,28,3072
ses-001_task-s01e03a,/home/lawrence/Desktop/algonauts-2025/algonauts2025/pipeline_TRIBE/TRIBE_8features/text_2hz/sub-01/ses-001_task-s01e03a.npy,1399,28,3072
ses-001_task-s01e03b,/home/lawrence/Desktop/algonauts-2025/algonauts2025/pipeline_TRIBE/TRIBE_8features/text_2hz/sub-01/ses-001_task-s01e03b.npy,1399,28,3072
ses-002_task-bourne06,/home/lawrence/Desktop/algonauts-2025/algonauts2025/pipeline_TRIBE/TRIBE_8features/text_2hz/sub-01/ses-002_task-bourne06.npy,1199,28,3072
ses-002_task-bourne07,/home/lawrence/Desktop/algonauts-2025/algonauts2025/pipeline_TRIBE/TRIBE_8features/text_2hz/sub-01/ses-002_task-bourne07.npy,1199,28,3072
ses-002_task-bourne08,/home/lawrence/Desktop/algonauts-2025/algonauts2025/pipeline_TRIBE/TRIBE_8features/text_2hz/sub-01/ses-002_task-bourne08.npy,1199,28,3072
ses-002_task-bourne09,/home/lawrence/Desktop/algonauts-2025/algonauts2025/pipeline_TRIBE/TRIBE_8features/text_2hz/sub-01/ses-002_task-bourne09.npy,1199,28,3072
ses-002_task-bourne10,/home/lawrence/Desktop/algonauts-2025/algonauts2025/pipeline_TRIBE/TRIBE_8features/text_2hz/sub-01/ses-002_task-bourne10.npy,1125,28,3072
ses-002_task-s01e04a,/home/lawrence/Desktop/algonauts-2025/algonauts2025/pipeline_TRIBE/TRIBE_8features/text_2hz/sub-01/ses-002_task-s01e04a.npy,1491,28,3072
ses-002_task-s01e04b,/home/lawrence/Desktop/algonauts-2025/algonauts2025/pipeline_TRIBE/TRIBE_8features/text_2hz/sub-01/ses-002_task-s01e04b.npy,1491,28,3072
ses-002_task-s01e05a,/home/lawrence/Desktop/algonauts-2025/algonauts2025/pipeline_TRIBE/TRIBE_8features/text_2hz/sub-01/ses-002_task-s01e05a.npy,1387,28,3072
ses-002_task-s01e05b,/home/lawrence/Desktop/algonauts-2025/algonauts2025/pipeline_TRIBE/TRIBE_8features/text_2hz/sub-01/ses-002_task-s01e05b.npy,1387,28,3072
ses-003_task-s01e01a,/home/lawrence/Desktop/algonauts-2025/algonauts2025/pipeline_TRIBE/TRIBE_8features/text_2hz/sub-01/ses-003_task-s01e01a.npy,1757,28,3072
ses-003_task-s01e01b,/home/lawrence/Desktop/algonauts-2025/algonauts2025/pipeline_TRIBE/TRIBE_8features/text_2hz/sub-01/ses-003_task-s01e01b.npy,1757,28,3072
ses-003_task-s01e06a,/home/lawrence/Desktop/algonauts-2025/algonauts2025/pipeline_TRIBE/TRIBE_8features/text_2hz/sub-01/ses-003_task-s01e06a.npy,1447,28,3072
ses-003_task-s01e06b,/home/lawrence/Desktop/algonauts-2025/algonauts2025/pipeline_TRIBE/TRIBE_8features/text_2hz/sub-01/ses-003_task-s01e06b.npy,1447,28,3072
ses-003_task-wolf01,/home/lawrence/Desktop/algonauts-2025/algonauts2025/pipeline_TRIBE/TRIBE_8features/text_2hz/sub-01/ses-003_task-wolf01.npy,1202,28,3072
ses-003_task-wolf02,/home/lawrence/Desktop/algonauts-2025/algonauts2025/pipeline_TRIBE/TRIBE_8features/text_2hz/sub-01/ses-003_task-wolf02.npy,1202,28,3072
ses-003_task-wolf03,/home/lawrence/Desktop/algonauts-2025/algonauts2025/pipeline_TRIBE/TRIBE_8features/text_2hz/sub-01/ses-003_task-wolf03.npy,1202,28,3072
ses-003_task-wolf04,/home/lawrence/Desktop/algonauts-2025/algonauts2025/pipeline_TRIBE/TRIBE_8features/text_2hz/sub-01/ses-003_task-wolf04.npy,1202,28,3072
ses-003_task-wolf05,/home/lawrence/Desktop/algonauts-2025/algonauts2025/pipeline_TRIBE/TRIBE_8features/text_2hz/sub-01/ses-003_task-wolf05.npy,1202,28,3072
ses-003_task-wolf06,/home/lawrence/Desktop/algonauts-2025/algonauts2025/pipeline_TRIBE/TRIBE_8features/text_2hz/sub-01/ses-003_task-wolf06.npy,1202,28,3072
ses-004_task-s01e07a,/home/lawrence/Desktop/algonauts-2025/algonauts2025/pipeline_TRIBE/TRIBE_8features/text_2hz/sub-01/ses-004_task-s01e07a.npy,1462,28,3072
ses-004_task-s01e07b,/home/lawrence/Desktop/algonauts-2025/algonauts2025/pipeline_TRIBE/TRIBE_8features/text_2hz/sub-01/ses-004_task-s01e07b.npy,1462,28,3072
ses-004_task-s01e08a,/home/lawrence/Desktop/algonauts-2025/algonauts2025/pipeline_TRIBE/TRIBE_8features/text_2hz/sub-01/ses-004_task-s01e08a.npy,1411,28,3072
ses-004_task-s01e08b,/home/lawrence/Desktop/algonauts-2025/algonauts2025/pipeline_TRIBE/TRIBE_8features/text_2hz/sub-01/ses-004_task-s01e08b.npy,1411,28,3072
ses-004_task-s01e09a,/home/lawrence/Desktop/algonauts-2025/algonauts2025/pipeline_TRIBE/TRIBE_8features/text_2hz/sub-01/ses-004_task-s01e09a.npy,1387,28,3072
ses-004_task-s01e09b,/home/lawrence/Desktop/algonauts-2025/algonauts2025/pipeline_TRIBE/TRIBE_8features/text_2hz/sub-01/ses-004_task-s01e09b.npy,1387,28,3072
ses-004_task-wolf07,/home/lawrence/Desktop/algonauts-2025/algonauts2025/pipeline_TRIBE/TRIBE_8features/text_2hz/sub-01/ses-004_task-wolf07.npy,1202,28,3072
ses-004_task-wolf08,/home/lawrence/Desktop/algonauts-2025/algonauts2025/pipeline_TRIBE/TRIBE_8features/text_2hz/sub-01/ses-004_task-wolf08.npy,1202,28,3072
ses-004_task-wolf09,/home/lawrence/Desktop/algonauts-2025/algonauts2025/pipeline_TRIBE/TRIBE_8features/text_2hz/sub-01/ses-004_task-wolf09.npy,1202,28,3072
ses-004_task-wolf10,/home/lawrence/Desktop/algonauts-2025/algonauts2025/pipeline_TRIBE/TRIBE_8features/text_2hz/sub-01/ses-004_task-wolf10.npy,1202,28,3072
ses-004_task-wolf11,/home/lawrence/Desktop/algonauts-2025/algonauts2025/pipeline_TRIBE/TRIBE_8features/text_2hz/sub-01/ses-004_task-wolf11.npy,1202,28,3072
ses-004_task-wolf12,/home/lawrence/Desktop/algonauts-2025/algonauts2025/pipeline_TRIBE/TRIBE_8features/text_2hz/sub-01/ses-004_task-wolf12.npy,1202,28,3072
ses-005_task-s01e10a,/home/lawrence/Desktop/algonauts-2025/algonauts2025/pipeline_TRIBE/TRIBE_8features/text_2hz/sub-01/ses-005_task-s01e10a.npy,1471,28,3072
ses-005_task-s01e10b,/home/lawrence/Desktop/algonauts-2025/algonauts2025/pipeline_TRIBE/TRIBE_8features/text_2hz/sub-01/ses-005_task-s01e10b.npy,1471,28,3072
ses-005_task-s01e11a,/home/lawrence/Desktop/algonauts-2025/algonauts2025/pipeline_TRIBE/TRIBE_8features/text_2hz/sub-01/ses-005_task-s01e11a.npy,1414,28,3072
ses-005_task-s01e11b,/home/lawrence/Desktop/algonauts-2025/algonauts2025/pipeline_TRIBE/TRIBE_8features/text_2hz/sub-01/ses-005_task-s01e11b.npy,1414,28,3072
ses-005_task-wolf13,/home/lawrence/Desktop/algonauts-2025/algonauts2025/pipeline_TRIBE/TRIBE_8features/text_2hz/sub-01/ses-005_task-wolf13.npy,1202,28,3072
ses-005_task-wolf14,/home/lawrence/Desktop/algonauts-2025/algonauts2025/pipeline_TRIBE/TRIBE_8features/text_2hz/sub-01/ses-005_task-wolf14.npy,1202,28,3072
ses-005_task-wolf15,/home/lawrence/Desktop/algonauts-2025/algonauts2025/pipeline_TRIBE/TRIBE_8features/text_2hz/sub-01/ses-005_task-wolf15.npy,1202,28,3072
ses-006_task-life01_run-1,/home/lawrence/Desktop/algonauts-2025/algonauts2025/pipeline_TRIBE/TRIBE_8features/text_2hz/sub-01/ses-006_task-life01_run-1.npy,1202,28,3072
ses-006_task-life02_run-1,/home/lawrence/Desktop/algonauts-2025/algonauts2025/pipeline_TRIBE/TRIBE_8features/text_2hz/sub-01/ses-006_task-life02_run-1.npy,1202,28,3072
ses-006_task-s01e12a,/home/lawrence/Desktop/algonauts-2025/algonauts2025/pipeline_TRIBE/TRIBE_8features/text_2hz/sub-01/ses-006_task-s01e12a.npy,1399,28,3072
ses-006_task-s01e12b,/home/lawrence/Desktop/algonauts-2025/algonauts2025/pipeline_TRIBE/TRIBE_8features/text_2hz/sub-01/ses-006_task-s01e12b.npy,1396,28,3072
ses-006_task-s01e13a,/home/lawrence/Desktop/algonauts-2025/algonauts2025/pipeline_TRIBE/TRIBE_8features/text_2hz/sub-01/ses-006_task-s01e13a.npy,1387,28,3072
ses-006_task-s01e13b,/home/lawrence/Desktop/algonauts-2025/algonauts2025/pipeline_TRIBE/TRIBE_8features/text_2hz/sub-01/ses-006_task-s01e13b.npy,1387,28,3072
ses-006_task-s01e14a,/home/lawrence/Desktop/algonauts-2025/algonauts2025/pipeline_TRIBE/TRIBE_8features/text_2hz/sub-01/ses-006_task-s01e14a.npy,1456,28,3072
ses-006_task-s01e14b,/home/lawrence/Desktop/algonauts-2025/algonauts2025/pipeline_TRIBE/TRIBE_8features/text_2hz/sub-01/ses-006_task-s01e14b.npy,1456,28,3072
ses-006_task-wolf16,/home/lawrence/Desktop/algonauts-2025/algonauts2025/pipeline_TRIBE/TRIBE_8features/text_2hz/sub-01/ses-006_task-wolf16.npy,1199,28,3072
ses-006_task-wolf17,/home/lawrence/Desktop/algonauts-2025/algonauts2025/pipeline_TRIBE/TRIBE_8features/text_2hz/sub-01/ses-006_task-wolf17.npy,1477,28,3072
ses-007_task-figures01_run-1,/home/lawrence/Desktop/algonauts-2025/algonauts2025/pipeline_TRIBE/TRIBE_8features/text_2hz/sub-01/ses-007_task-figures01_run-1.npy,1190,28,3072
ses-007_task-figures02_run-1,/home/lawrence/Desktop/algonauts-2025/algonauts2025/pipeline_TRIBE/TRIBE_8features/text_2hz/sub-01/ses-007_task-figures02_run-1.npy,1211,28,3072
ses-007_task-figures03_run-1,/home/lawrence/Desktop/algonauts-2025/algonauts2025/pipeline_TRIBE/TRIBE_8features/text_2hz/sub-01/ses-007_task-figures03_run-1.npy,1214,28,3072
ses-007_task-life03_run-1,/home/lawrence/Desktop/algonauts-2025/algonauts2025/pipeline_TRIBE/TRIBE_8features/text_2hz/sub-01/ses-007_task-life03_run-1.npy,1202,28,3072
ses-007_task-life04_run-1,/home/lawrence/Desktop/algonauts-2025/algonauts2025/pipeline_TRIBE/TRIBE_8features/text_2hz/sub-01/ses-007_task-life04_run-1.npy,1202,28,3072
ses-007_task-life05_run-1,/home/lawrence/Desktop/algonauts-2025/algonauts2025/pipeline_TRIBE/TRIBE_8features/text_2hz/sub-01/ses-007_task-life05_run-1.npy,1137,28,3072
ses-007_task-s01e15a,/home/lawrence/Desktop/algonauts-2025/algonauts2025/pipeline_TRIBE/TRIBE_8features/text_2hz/sub-01/ses-007_task-s01e15a.npy,1414,28,3072
ses-007_task-s01e15b,/home/lawrence/Desktop/algonauts-2025/algonauts2025/pipeline_TRIBE/TRIBE_8features/text_2hz/sub-01/ses-007_task-s01e15b.npy,1414,28,3072
ses-007_task-s01e16a,/home/lawrence/Desktop/algonauts-2025/algonauts2025/pipeline_TRIBE/TRIBE_8features/text_2hz/sub-01/ses-007_task-s01e16a.npy,1432,28,3072
ses-007_task-s01e16b,/home/lawrence/Desktop/algonauts-2025/algonauts2025/pipeline_TRIBE/TRIBE_8features/text_2hz/sub-01/ses-007_task-s01e16b.npy,1432,28,3072
ses-007_task-s01e17a,/home/lawrence/Desktop/algonauts-2025/algonauts2025/pipeline_TRIBE/TRIBE_8features/text_2hz/sub-01/ses-007_task-s01e17a.npy,1432,28,3072
ses-007_task-s01e17b,/home/lawrence/Desktop/algonauts-2025/algonauts2025/pipeline_TRIBE/TRIBE_8features/text_2hz/sub-01/ses-007_task-s01e17b.npy,1432,28,3072
ses-008_task-figures05_run-1,/home/lawrence/Desktop/algonauts-2025/algonauts2025/pipeline_TRIBE/TRIBE_8features/text_2hz/sub-01/ses-008_task-figures05_run-1.npy,1208,28,3072
ses-008_task-figures06_run-1,/home/lawrence/Desktop/algonauts-2025/algonauts2025/pipeline_TRIBE/TRIBE_8features/text_2hz/sub-01/ses-008_task-figures06_run-1.npy,1208,28,3072
ses-008_task-figures07_run-1,/home/lawrence/Desktop/algonauts-2025/algonauts2025/pipeline_TRIBE/TRIBE_8features/text_2hz/sub-01/ses-008_task-figures07_run-1.npy,1208,28,3072
ses-008_task-figures08_run-1,/home/lawrence/Desktop/algonauts-2025/algonauts2025/pipeline_TRIBE/TRIBE_8features/text_2hz/sub-01/ses-008_task-figures08_run-1.npy,1211,28,3072
ses-008_task-figures09_run-1,/home/lawrence/Desktop/algonauts-2025/algonauts2025/pipeline_TRIBE/TRIBE_8features/text_2hz/sub-01/ses-008_task-figures09_run-1.npy,1211,28,3072
ses-008_task-s01e18a,/home/lawrence/Desktop/algonauts-2025/algonauts2025/pipeline_TRIBE/TRIBE_8features/text_2hz/sub-01/ses-008_task-s01e18a.npy,1474,28,3072
ses-008_task-s01e18b,/home/lawrence/Desktop/algonauts-2025/algonauts2025/pipeline_TRIBE/TRIBE_8features/text_2hz/sub-01/ses-008_task-s01e18b.npy,1474,28,3072
ses-008_task-s01e19a,/home/lawrence/Desktop/algonauts-2025/algonauts2025/pipeline_TRIBE/TRIBE_8features/text_2hz/sub-01/ses-008_task-s01e19a.npy,1363,28,3072
ses-008_task-s01e19b,/home/lawrence/Desktop/algonauts-2025/algonauts2025/pipeline_TRIBE/TRIBE_8features/text_2hz/sub-01/ses-008_task-s01e19b.npy,1363,28,3072
ses-009_task-figures04_run-1,/home/lawrence/Desktop/algonauts-2025/algonauts2025/pipeline_TRIBE/TRIBE_8features/text_2hz/sub-01/ses-009_task-figures04_run-1.npy,1211,28,3072
ses-009_task-figures10_run-1,/home/lawrence/Desktop/algonauts-2025/algonauts2025/pipeline_TRIBE/TRIBE_8features/text_2hz/sub-01/ses-009_task-figures10_run-1.npy,1211,28,3072
ses-009_task-figures11_run-1,/home/lawrence/Desktop/algonauts-2025/algonauts2025/pipeline_TRIBE/TRIBE_8features/text_2hz/sub-01/ses-009_task-figures11_run-1.npy,1211,28,3072
ses-009_task-figures12_run-1,/home/lawrence/Desktop/algonauts-2025/algonauts2025/pipeline_TRIBE/TRIBE_8features/text_2hz/sub-01/ses-009_task-figures12_run-1.npy,1104,28,3072
ses-009_task-life01_run-2,/home/lawrence/Desktop/algonauts-2025/algonauts2025/pipeline_TRIBE/TRIBE_8features/text_2hz/sub-01/ses-009_task-life01_run-2.npy,1202,28,3072
ses-009_task-life02_run-2,/home/lawrence/Desktop/algonauts-2025/algonauts2025/pipeline_TRIBE/TRIBE_8features/text_2hz/sub-01/ses-009_task-life02_run-2.npy,1202,28,3072
ses-009_task-s01e20a,/home/lawrence/Desktop/algonauts-2025/algonauts2025/pipeline_TRIBE/TRIBE_8features/text_2hz/sub-01/ses-009_task-s01e20a.npy,1363,28,3072
ses-009_task-s01e20b,/home/lawrence/Desktop/algonauts-2025/algonauts2025/pipeline_TRIBE/TRIBE_8features/text_2hz/sub-01/ses-009_task-s01e20b.npy,1363,28,3072
ses-009_task-s01e21a,/home/lawrence/Desktop/algonauts-2025/algonauts2025/pipeline_TRIBE/TRIBE_8features/text_2hz/sub-01/ses-009_task-s01e21a.npy,1414,28,3072
ses-009_task-s01e21b,/home/lawrence/Desktop/algonauts-2025/algonauts2025/pipeline_TRIBE/TRIBE_8features/text_2hz/sub-01/ses-009_task-s01e21b.npy,1414,28,3072
ses-009_task-s01e22a,/home/lawrence/Desktop/algonauts-2025/algonauts2025/pipeline_TRIBE/TRIBE_8features/text_2hz/sub-01/ses-009_task-s01e22a.npy,1405,28,3072
ses-009_task-s01e22b,/home/lawrence/Desktop/algonauts-2025/algonauts2025/pipeline_TRIBE/TRIBE_8features/text_2hz/sub-01/ses-009_task-s01e22b.npy,1405,28,3072
ses-010_task-life03_run-2,/home/lawrence/Desktop/algonauts-2025/algonauts2025/pipeline_TRIBE/TRIBE_8features/text_2hz/sub-01/ses-010_task-life03_run-2.npy,1202,28,3072
ses-010_task-life04_run-2,/home/lawrence/Desktop/algonauts-2025/algonauts2025/pipeline_TRIBE/TRIBE_8features/text_2hz/sub-01/ses-010_task-life04_run-2.npy,1202,28,3072
ses-010_task-life05_run-2,/home/lawrence/Desktop/algonauts-2025/algonauts2025/pipeline_TRIBE/TRIBE_8features/text_2hz/sub-01/ses-010_task-life05_run-2.npy,1137,28,3072
ses-010_task-s01e23a,/home/lawrence/Desktop/algonauts-2025/algonauts2025/pipeline_TRIBE/TRIBE_8features/text_2hz/sub-01/ses-010_task-s01e23a.npy,1369,28,3072
ses-010_task-s01e23b,/home/lawrence/Desktop/algonauts-2025/algonauts2025/pipeline_TRIBE/TRIBE_8features/text_2hz/sub-01/ses-010_task-s01e23b.npy,1369,28,3072
ses-010_task-s01e24a,/home/lawrence/Desktop/algonauts-2025/algonauts2025/pipeline_TRIBE/TRIBE_8features/text_2hz/sub-01/ses-010_task-s01e24a.npy,1527,28,3072
ses-010_task-s01e24b,/home/lawrence/Desktop/algonauts-2025/algonauts2025/pipeline_TRIBE/TRIBE_8features/text_2hz/sub-01/ses-010_task-s01e24b.npy,1527,28,3072
ses-010_task-s02e01a,/home/lawrence/Desktop/algonauts-2025/algonauts2025/pipeline_TRIBE/TRIBE_8features/text_2hz/sub-01/ses-010_task-s02e01a.npy,1414,28,3072
ses-010_task-s02e01b,/home/lawrence/Desktop/algonauts-2025/algonauts2025/pipeline_TRIBE/TRIBE_8features/text_2hz/sub-01/ses-010_task-s02e01b.npy,1414,28,3072
ses-011_task-figures01_run-2,/home/lawrence/Desktop/algonauts-2025/algonauts2025/pipeline_TRIBE/TRIBE_8features/text_2hz/sub-01/ses-011_task-figures01_run-2.npy,1190,28,3072
ses-011_task-figures02_run-2,/home/lawrence/Desktop/algonauts-2025/algonauts2025/pipeline_TRIBE/TRIBE_8features/text_2hz/sub-01/ses-011_task-figures02_run-2.npy,1211,28,3072
ses-011_task-figures03_run-2,/home/lawrence/Desktop/algonauts-2025/algonauts2025/pipeline_TRIBE/TRIBE_8features/text_2hz/sub-01/ses-011_task-figures03_run-2.npy,1214,28,3072
ses-011_task-figures04_run-2,/home/lawrence/Desktop/algonauts-2025/algonauts2025/pipeline_TRIBE/TRIBE_8features/text_2hz/sub-01/ses-011_task-figures04_run-2.npy,1211,28,3072
ses-011_task-s02e02a,/home/lawrence/Desktop/algonauts-2025/algonauts2025/pipeline_TRIBE/TRIBE_8features/text_2hz/sub-01/ses-011_task-s02e02a.npy,1333,28,3072
ses-011_task-s02e02b,/home/lawrence/Desktop/algonauts-2025/algonauts2025/pipeline_TRIBE/TRIBE_8features/text_2hz/sub-01/ses-011_task-s02e02b.npy,1333,28,3072
ses-011_task-s02e03a,/home/lawrence/Desktop/algonauts-2025/algonauts2025/pipeline_TRIBE/TRIBE_8features/text_2hz/sub-01/ses-011_task-s02e03a.npy,1375,28,3072
ses-011_task-s02e03b,/home/lawrence/Desktop/algonauts-2025/algonauts2025/pipeline_TRIBE/TRIBE_8features/text_2hz/sub-01/ses-011_task-s02e03b.npy,1375,28,3072
ses-011_task-s02e04a,/home/lawrence/Desktop/algonauts-2025/algonauts2025/pipeline_TRIBE/TRIBE_8features/text_2hz/sub-01/ses-011_task-s02e04a.npy,1345,28,3072
ses-011_task-s02e04b,/home/lawrence/Desktop/algonauts-2025/algonauts2025/pipeline_TRIBE/TRIBE_8features/text_2hz/sub-01/ses-011_task-s02e04b.npy,1345,28,3072
ses-011_task-s02e05a,/home/lawrence/Desktop/algonauts-2025/algonauts2025/pipeline_TRIBE/TRIBE_8features/text_2hz/sub-01/ses-011_task-s02e05a.npy,1348,28,3072
ses-011_task-s02e05b,/home/lawrence/Desktop/algonauts-2025/algonauts2025/pipeline_TRIBE/TRIBE_8features/text_2hz/sub-01/ses-011_task-s02e05b.npy,1348,28,3072
ses-012_task-figures05_run-2,/home/lawrence/Desktop/algonauts-2025/algonauts2025/pipeline_TRIBE/TRIBE_8features/text_2hz/sub-01/ses-012_task-figures05_run-2.npy,1208,28,3072
ses-012_task-figures06_run-2,/home/lawrence/Desktop/algonauts-2025/algonauts2025/pipeline_TRIBE/TRIBE_8features/text_2hz/sub-01/ses-012_task-figures06_run-2.npy,1208,28,3072
ses-012_task-figures07_run-2,/home/lawrence/Desktop/algonauts-2025/algonauts2025/pipeline_TRIBE/TRIBE_8features/text_2hz/sub-01/ses-012_task-figures07_run-2.npy,1208,28,3072
ses-012_task-figures08_run-2,/home/lawrence/Desktop/algonauts-2025/algonauts2025/pipeline_TRIBE/TRIBE_8features/text_2hz/sub-01/ses-012_task-figures08_run-2.npy,1211,28,3072
ses-012_task-figures09_run-2,/home/lawrence/Desktop/algonauts-2025/algonauts2025/pipeline_TRIBE/TRIBE_8features/text_2hz/sub-01/ses-012_task-figures09_run-2.npy,1211,28,3072
ses-012_task-figures10_run-2,/home/lawrence/Desktop/algonauts-2025/algonauts2025/pipeline_TRIBE/TRIBE_8features/text_2hz/sub-01/ses-012_task-figures10_run-2.npy,1211,28,3072
ses-012_task-figures11_run-2,/home/lawrence/Desktop/algonauts-2025/algonauts2025/pipeline_TRIBE/TRIBE_8features/text_2hz/sub-01/ses-012_task-figures11_run-2.npy,1211,28,3072
ses-012_task-figures12_run-2,/home/lawrence/Desktop/algonauts-2025/algonauts2025/pipeline_TRIBE/TRIBE_8features/text_2hz/sub-01/ses-012_task-figures12_run-2.npy,1104,28,3072
ses-012_task-s02e06a,/home/lawrence/Desktop/algonauts-2025/algonauts2025/pipeline_TRIBE/TRIBE_8features/text_2hz/sub-01/ses-012_task-s02e06a.npy,1482,28,3072
ses-012_task-s02e06b,/home/lawrence/Desktop/algonauts-2025/algonauts2025/pipeline_TRIBE/TRIBE_8features/text_2hz/sub-01/ses-012_task-s02e06b.npy,1482,28,3072
ses-012_task-s02e07a,/home/lawrence/Desktop/algonauts-2025/algonauts2025/pipeline_TRIBE/TRIBE_8features/text_2hz/sub-01/ses-012_task-s02e07a.npy,1471,28,3072
ses-012_task-s02e07b,/home/lawrence/Desktop/algonauts-2025/algonauts2025/pipeline_TRIBE/TRIBE_8features/text_2hz/sub-01/ses-012_task-s02e07b.npy,1471,28,3072
ses-013_task-s02e08a,/home/lawrence/Desktop/algonauts-2025/algonauts2025/pipeline_TRIBE/TRIBE_8features/text_2hz/sub-01/ses-013_task-s02e08a.npy,1357,28,3072
ses-013_task-s02e08b,/home/lawrence/Desktop/algonauts-2025/algonauts2025/pipeline_TRIBE/TRIBE_8features/text_2hz/sub-01/ses-013_task-s02e08b.npy,1357,28,3072
ses-013_task-s02e09a,/home/lawrence/Desktop/algonauts-2025/algonauts2025/pipeline_TRIBE/TRIBE_8features/text_2hz/sub-01/ses-013_task-s02e09a.npy,1339,28,3072
ses-013_task-s02e09b,/home/lawrence/Desktop/algonauts-2025/algonauts2025/pipeline_TRIBE/TRIBE_8features/text_2hz/sub-01/ses-013_task-s02e09b.npy,1339,28,3072
ses-013_task-s02e10a,/home/lawrence/Desktop/algonauts-2025/algonauts2025/pipeline_TRIBE/TRIBE_8features/text_2hz/sub-01/ses-013_task-s02e10a.npy,1420,28,3072
ses-013_task-s02e10b,/home/lawrence/Desktop/algonauts-2025/algonauts2025/pipeline_TRIBE/TRIBE_8features/text_2hz/sub-01/ses-013_task-s02e10b.npy,1420,28,3072
ses-014_task-s02e11a,/home/lawrence/Desktop/algonauts-2025/algonauts2025/pipeline_TRIBE/TRIBE_8features/text_2hz/sub-01/ses-014_task-s02e11a.npy,1447,28,3072
ses-014_task-s02e11b,/home/lawrence/Desktop/algonauts-2025/algonauts2025/pipeline_TRIBE/TRIBE_8features/text_2hz/sub-01/ses-014_task-s02e11b.npy,1447,28,3072
ses-014_task-s02e12a,/home/lawrence/Desktop/algonauts-2025/algonauts2025/pipeline_TRIBE/TRIBE_8features/text_2hz/sub-01/ses-014_task-s02e12a.npy,1447,28,3072
ses-014_task-s02e12b,/home/lawrence/Desktop/algonauts-2025/algonauts2025/pipeline_TRIBE/TRIBE_8features/text_2hz/sub-01/ses-014_task-s02e12b.npy,1447,28,3072
ses-014_task-s02e13a,/home/lawrence/Desktop/algonauts-2025/algonauts2025/pipeline_TRIBE/TRIBE_8features/text_2hz/sub-01/ses-014_task-s02e13a.npy,1447,28,3072
ses-014_task-s02e13b,/home/lawrence/Desktop/algonauts-2025/algonauts2025/pipeline_TRIBE/TRIBE_8features/text_2hz/sub-01/ses-014_task-s02e13b.npy,1447,28,3072
ses-015_task-s02e14a,/home/lawrence/Desktop/algonauts-2025/algonauts2025/pipeline_TRIBE/TRIBE_8features/text_2hz/sub-01/ses-015_task-s02e14a.npy,1405,28,3072
ses-015_task-s02e14b,/home/lawrence/Desktop/algonauts-2025/algonauts2025/pipeline_TRIBE/TRIBE_8features/text_2hz/sub-01/ses-015_task-s02e14b.npy,1405,28,3072
ses-015_task-s02e15a,/home/lawrence/Desktop/algonauts-2025/algonauts2025/pipeline_TRIBE/TRIBE_8features/text_2hz/sub-01/ses-015_task-s02e15a.npy,1381,28,3072
ses-015_task-s02e15b,/home/lawrence/Desktop/algonauts-2025/algonauts2025/pipeline_TRIBE/TRIBE_8features/text_2hz/sub-01/ses-015_task-s02e15b.npy,1381,28,3072
ses-016_task-s02e16a,/home/lawrence/Desktop/algonauts-2025/algonauts2025/pipeline_TRIBE/TRIBE_8features/text_2hz/sub-01/ses-016_task-s02e16a.npy,1417,28,3072
ses-016_task-s02e16b,/home/lawrence/Desktop/algonauts-2025/algonauts2025/pipeline_TRIBE/TRIBE_8features/text_2hz/sub-01/ses-016_task-s02e16b.npy,1417,28,3072
ses-016_task-s02e17a,/home/lawrence/Desktop/algonauts-2025/algonauts2025/pipeline_TRIBE/TRIBE_8features/text_2hz/sub-01/ses-016_task-s02e17a.npy,1450,28,3072
ses-016_task-s02e17b,/home/lawrence/Desktop/algonauts-2025/algonauts2025/pipeline_TRIBE/TRIBE_8features/text_2hz/sub-01/ses-016_task-s02e17b.npy,1450,28,3072
ses-017_task-s02e18a,/home/lawrence/Desktop/algonauts-2025/algonauts2025/pipeline_TRIBE/TRIBE_8features/text_2hz/sub-01/ses-017_task-s02e18a.npy,1363,28,3072
ses-017_task-s02e18b,/home/lawrence/Desktop/algonauts-2025/algonauts2025/pipeline_TRIBE/TRIBE_8features/text_2hz/sub-01/ses-017_task-s02e18b.npy,1363,28,3072
ses-017_task-s02e19a,/home/lawrence/Desktop/algonauts-2025/algonauts2025/pipeline_TRIBE/TRIBE_8features/text_2hz/sub-01/ses-017_task-s02e19a.npy,1417,28,3072
ses-017_task-s02e19b,/home/lawrence/Desktop/algonauts-2025/algonauts2025/pipeline_TRIBE/TRIBE_8features/text_2hz/sub-01/ses-017_task-s02e19b.npy,1417,28,3072
ses-017_task-s02e20a,/home/lawrence/Desktop/algonauts-2025/algonauts2025/pipeline_TRIBE/TRIBE_8features/text_2hz/sub-01/ses-017_task-s02e20a.npy,1331,28,3072
ses-017_task-s02e20b,/home/lawrence/Desktop/algonauts-2025/algonauts2025/pipeline_TRIBE/TRIBE_8features/text_2hz/sub-01/ses-017_task-s02e20b.npy,1331,28,3072
ses-017_task-s02e21a,/home/lawrence/Desktop/algonauts-2025/algonauts2025/pipeline_TRIBE/TRIBE_8features/text_2hz/sub-01/ses-017_task-s02e21a.npy,1393,28,3072
ses-017_task-s02e21b,/home/lawrence/Desktop/algonauts-2025/algonauts2025/pipeline_TRIBE/TRIBE_8features/text_2hz/sub-01/ses-017_task-s02e21b.npy,1393,28,3072
ses-017_task-s02e22a,/home/lawrence/Desktop/algonauts-2025/algonauts2025/pipeline_TRIBE/TRIBE_8features/text_2hz/sub-01/ses-017_task-s02e22a.npy,1342,28,3072
ses-017_task-s02e22b,/home/lawrence/Desktop/algonauts-2025/algonauts2025/pipeline_TRIBE/TRIBE_8features/text_2hz/sub-01/ses-017_task-s02e22b.npy,1342,28,3072
ses-018_task-s02e23a,/home/lawrence/Desktop/algonauts-2025/algonauts2025/pipeline_TRIBE/TRIBE_8features/text_2hz/sub-01/ses-018_task-s02e23a.npy,1351,28,3072
ses-018_task-s02e23b,/home/lawrence/Desktop/algonauts-2025/algonauts2025/pipeline_TRIBE/TRIBE_8features/text_2hz/sub-01/ses-018_task-s02e23b.npy,1351,28,3072
ses-018_task-s02e24a,/home/lawrence/Desktop/algonauts-2025/algonauts2025/pipeline_TRIBE/TRIBE_8features/text_2hz/sub-01/ses-018_task-s02e24a.npy,1390,28,3072
ses-018_task-s02e24b,/home/lawrence/Desktop/algonauts-2025/algonauts2025/pipeline_TRIBE/TRIBE_8features/text_2hz/sub-01/ses-018_task-s02e24b.npy,1390,28,3072
ses-019_task-s03e01a,/home/lawrence/Desktop/algonauts-2025/algonauts2025/pipeline_TRIBE/TRIBE_8features/text_2hz/sub-01/ses-019_task-s03e01a.npy,1456,28,3072
ses-019_task-s03e01b,/home/lawrence/Desktop/algonauts-2025/algonauts2025/pipeline_TRIBE/TRIBE_8features/text_2hz/sub-01/ses-019_task-s03e01b.npy,1456,28,3072
ses-019_task-s03e02a,/home/lawrence/Desktop/algonauts-2025/algonauts2025/pipeline_TRIBE/TRIBE_8features/text_2hz/sub-01/ses-019_task-s03e02a.npy,1408,28,3072
ses-019_task-s03e02b,/home/lawrence/Desktop/algonauts-2025/algonauts2025/pipeline_TRIBE/TRIBE_8features/text_2hz/sub-01/ses-019_task-s03e02b.npy,1408,28,3072
ses-019_task-s03e03a,/home/lawrence/Desktop/algonauts-2025/algonauts2025/pipeline_TRIBE/TRIBE_8features/text_2hz/sub-01/ses-019_task-s03e03a.npy,1345,28,3072
ses-019_task-s03e03b,/home/lawrence/Desktop/algonauts-2025/algonauts2025/pipeline_TRIBE/TRIBE_8features/text_2hz/sub-01/ses-019_task-s03e03b.npy,1345,28,3072
ses-020_task-s03e04a,/home/lawrence/Desktop/algonauts-2025/algonauts2025/pipeline_TRIBE/TRIBE_8features/text_2hz/sub-01/ses-020_task-s03e04a.npy,1402,28,3072
ses-020_task-s03e04b,/home/lawrence/Desktop/algonauts-2025/algonauts2025/pipeline_TRIBE/TRIBE_8features/text_2hz/sub-01/ses-020_task-s03e04b.npy,1402,28,3072
ses-020_task-s03e05a,/home/lawrence/Desktop/algonauts-2025/algonauts2025/pipeline_TRIBE/TRIBE_8features/text_2hz/sub-01/ses-020_task-s03e05a.npy,1435,28,3072
ses-020_task-s03e05b,/home/lawrence/Desktop/algonauts-2025/algonauts2025/pipeline_TRIBE/TRIBE_8features/text_2hz/sub-01/ses-020_task-s03e05b.npy,1435,28,3072
ses-020_task-s03e06a,/home/lawrence/Desktop/algonauts-2025/algonauts2025/pipeline_TRIBE/TRIBE_8features/text_2hz/sub-01/ses-020_task-s03e06a.npy,1393,28,3072
ses-020_task-s03e06b,/home/lawrence/Desktop/algonauts-2025/algonauts2025/pipeline_TRIBE/TRIBE_8features/text_2hz/sub-01/ses-020_task-s03e06b.npy,1393,28,3072
ses-021_task-s03e07a,/home/lawrence/Desktop/algonauts-2025/algonauts2025/pipeline_TRIBE/TRIBE_8features/text_2hz/sub-01/ses-021_task-s03e07a.npy,1384,28,3072
ses-021_task-s03e07b,/home/lawrence/Desktop/algonauts-2025/algonauts2025/pipeline_TRIBE/TRIBE_8features/text_2hz/sub-01/ses-021_task-s03e07b.npy,1384,28,3072
ses-021_task-s03e08a,/home/lawrence/Desktop/algonauts-2025/algonauts2025/pipeline_TRIBE/TRIBE_8features/text_2hz/sub-01/ses-021_task-s03e08a.npy,1363,28,3072
ses-021_task-s03e08b,/home/lawrence/Desktop/algonauts-2025/algonauts2025/pipeline_TRIBE/TRIBE_8features/text_2hz/sub-01/ses-021_task-s03e08b.npy,1363,28,3072
ses-021_task-s03e09a,/home/lawrence/Desktop/algonauts-2025/algonauts2025/pipeline_TRIBE/TRIBE_8features/text_2hz/sub-01/ses-021_task-s03e09a.npy,1462,28,3072
ses-021_task-s03e09b,/home/lawrence/Desktop/algonauts-2025/algonauts2025/pipeline_TRIBE/TRIBE_8features/text_2hz/sub-01/ses-021_task-s03e09b.npy,1462,28,3072
ses-022_task-s03e10a,/home/lawrence/Desktop/algonauts-2025/algonauts2025/pipeline_TRIBE/TRIBE_8features/text_2hz/sub-01/ses-022_task-s03e10a.npy,1336,28,3072
ses-022_task-s03e10b,/home/lawrence/Desktop/algonauts-2025/algonauts2025/pipeline_TRIBE/TRIBE_8features/text_2hz/sub-01/ses-022_task-s03e10b.npy,1336,28,3072
ses-022_task-s03e11a,/home/lawrence/Desktop/algonauts-2025/algonauts2025/pipeline_TRIBE/TRIBE_8features/text_2hz/sub-01/ses-022_task-s03e11a.npy,1354,28,3072
ses-022_task-s03e11b,/home/lawrence/Desktop/algonauts-2025/algonauts2025/pipeline_TRIBE/TRIBE_8features/text_2hz/sub-01/ses-022_task-s03e11b.npy,1351,28,3072
ses-022_task-s03e12a,/home/lawrence/Desktop/algonauts-2025/algonauts2025/pipeline_TRIBE/TRIBE_8features/text_2hz/sub-01/ses-022_task-s03e12a.npy,1375,28,3072
ses-022_task-s03e12b,/home/lawrence/Desktop/algonauts-2025/algonauts2025/pipeline_TRIBE/TRIBE_8features/text_2hz/sub-01/ses-022_task-s03e12b.npy,1375,28,3072
ses-023_task-s03e13a,/home/lawrence/Desktop/algonauts-2025/algonauts2025/pipeline_TRIBE/TRIBE_8features/text_2hz/sub-01/ses-023_task-s03e13a.npy,1405,28,3072
ses-023_task-s03e13b,/home/lawrence/Desktop/algonauts-2025/algonauts2025/pipeline_TRIBE/TRIBE_8features/text_2hz/sub-01/ses-023_task-s03e13b.npy,1402,28,3072
ses-023_task-s03e14a,/home/lawrence/Desktop/algonauts-2025/algonauts2025/pipeline_TRIBE/TRIBE_8features/text_2hz/sub-01/ses-023_task-s03e14a.npy,1357,28,3072
ses-023_task-s03e14b,/home/lawrence/Desktop/algonauts-2025/algonauts2025/pipeline_TRIBE/TRIBE_8features/text_2hz/sub-01/ses-023_task-s03e14b.npy,1357,28,3072
ses-024_task-s03e15a,/home/lawrence/Desktop/algonauts-2025/algonauts2025/pipeline_TRIBE/TRIBE_8features/text_2hz/sub-01/ses-024_task-s03e15a.npy,1357,28,3072
ses-024_task-s03e15b,/home/lawrence/Desktop/algonauts-2025/algonauts2025/pipeline_TRIBE/TRIBE_8features/text_2hz/sub-01/ses-024_task-s03e15b.npy,1357,28,3072
ses-024_task-s03e16a,/home/lawrence/Desktop/algonauts-2025/algonauts2025/pipeline_TRIBE/TRIBE_8features/text_2hz/sub-01/ses-024_task-s03e16a.npy,1387,28,3072
ses-024_task-s03e16b,/home/lawrence/Desktop/algonauts-2025/algonauts2025/pipeline_TRIBE/TRIBE_8features/text_2hz/sub-01/ses-024_task-s03e16b.npy,1387,28,3072
ses-024_task-s03e17a,/home/lawrence/Desktop/algonauts-2025/algonauts2025/pipeline_TRIBE/TRIBE_8features/text_2hz/sub-01/ses-024_task-s03e17a.npy,1345,28,3072
ses-024_task-s03e17b,/home/lawrence/Desktop/algonauts-2025/algonauts2025/pipeline_TRIBE/TRIBE_8features/text_2hz/sub-01/ses-024_task-s03e17b.npy,1342,28,3072
ses-025_task-s03e18a,/home/lawrence/Desktop/algonauts-2025/algonauts2025/pipeline_TRIBE/TRIBE_8features/text_2hz/sub-01/ses-025_task-s03e18a.npy,1390,28,3072
ses-025_task-s03e18b,/home/lawrence/Desktop/algonauts-2025/algonauts2025/pipeline_TRIBE/TRIBE_8features/text_2hz/sub-01/ses-025_task-s03e18b.npy,1390,28,3072
ses-025_task-s03e19a,/home/lawrence/Desktop/algonauts-2025/algonauts2025/pipeline_TRIBE/TRIBE_8features/text_2hz/sub-01/ses-025_task-s03e19a.npy,1387,28,3072
ses-025_task-s03e19b,/home/lawrence/Desktop/algonauts-2025/algonauts2025/pipeline_TRIBE/TRIBE_8features/text_2hz/sub-01/ses-025_task-s03e19b.npy,1387,28,3072
ses-025_task-s03e20a,/home/lawrence/Desktop/algonauts-2025/algonauts2025/pipeline_TRIBE/TRIBE_8features/text_2hz/sub-01/ses-025_task-s03e20a.npy,1375,28,3072
ses-025_task-s03e20b,/home/lawrence/Desktop/algonauts-2025/algonauts2025/pipeline_TRIBE/TRIBE_8features/text_2hz/sub-01/ses-025_task-s03e20b.npy,1375,28,3072
ses-026_task-s03e21a,/home/lawrence/Desktop/algonauts-2025/algonauts2025/pipeline_TRIBE/TRIBE_8features/text_2hz/sub-01/ses-026_task-s03e21a.npy,1363,28,3072
ses-026_task-s03e21b,/home/lawrence/Desktop/algonauts-2025/algonauts2025/pipeline_TRIBE/TRIBE_8features/text_2hz/sub-01/ses-026_task-s03e21b.npy,1363,28,3072
ses-026_task-s03e22a,/home/lawrence/Desktop/algonauts-2025/algonauts2025/pipeline_TRIBE/TRIBE_8features/text_2hz/sub-01/ses-026_task-s03e22a.npy,1372,28,3072
ses-026_task-s03e22b,/home/lawrence/Desktop/algonauts-2025/algonauts2025/pipeline_TRIBE/TRIBE_8features/text_2hz/sub-01/ses-026_task-s03e22b.npy,1372,28,3072
ses-027_task-s03e23a,/home/lawrence/Desktop/algonauts-2025/algonauts2025/pipeline_TRIBE/TRIBE_8features/text_2hz/sub-01/ses-027_task-s03e23a.npy,1393,28,3072
ses-027_task-s03e23b,/home/lawrence/Desktop/algonauts-2025/algonauts2025/pipeline_TRIBE/TRIBE_8features/text_2hz/sub-01/ses-027_task-s03e23b.npy,1393,28,3072
ses-027_task-s03e24a,/home/lawrence/Desktop/algonauts-2025/algonauts2025/pipeline_TRIBE/TRIBE_8features/text_2hz/sub-01/ses-027_task-s03e24a.npy,1345,28,3072
ses-027_task-s03e24b,/home/lawrence/Desktop/algonauts-2025/algonauts2025/pipeline_TRIBE/TRIBE_8features/text_2hz/sub-01/ses-027_task-s03e24b.npy,1345,28,3072
ses-027_task-s03e25a,/home/lawrence/Desktop/algonauts-2025/algonauts2025/pipeline_TRIBE/TRIBE_8features/text_2hz/sub-01/ses-027_task-s03e25a.npy,1420,28,3072
ses-027_task-s03e25b,/home/lawrence/Desktop/algonauts-2025/algonauts2025/pipeline_TRIBE/TRIBE_8features/text_2hz/sub-01/ses-027_task-s03e25b.npy,1420,28,3072
ses-027_task-s04e01a,/home/lawrence/Desktop/algonauts-2025/algonauts2025/pipeline_TRIBE/TRIBE_8features/text_2hz/sub-01/ses-027_task-s04e01a.npy,1387,28,3072
ses-027_task-s04e01b,/home/lawrence/Desktop/algonauts-2025/algonauts2025/pipeline_TRIBE/TRIBE_8features/text_2hz/sub-01/ses-027_task-s04e01b.npy,1387,28,3072
ses-027_task-s04e02a,/home/lawrence/Desktop/algonauts-2025/algonauts2025/pipeline_TRIBE/TRIBE_8features/text_2hz/sub-01/ses-027_task-s04e02a.npy,1417,28,3072
ses-027_task-s04e02b,/home/lawrence/Desktop/algonauts-2025/algonauts2025/pipeline_TRIBE/TRIBE_8features/text_2hz/sub-01/ses-027_task-s04e02b.npy,1417,28,3072
ses-028_task-s04e03a,/home/lawrence/Desktop/algonauts-2025/algonauts2025/pipeline_TRIBE/TRIBE_8features/text_2hz/sub-01/ses-028_task-s04e03a.npy,1319,28,3072
ses-028_task-s04e03b,/home/lawrence/Desktop/algonauts-2025/algonauts2025/pipeline_TRIBE/TRIBE_8features/text_2hz/sub-01/ses-028_task-s04e03b.npy,1319,28,3072
ses-028_task-s04e04a,/home/lawrence/Desktop/algonauts-2025/algonauts2025/pipeline_TRIBE/TRIBE_8features/text_2hz/sub-01/ses-028_task-s04e04a.npy,1342,28,3072
ses-028_task-s04e04b,/home/lawrence/Desktop/algonauts-2025/algonauts2025/pipeline_TRIBE/TRIBE_8features/text_2hz/sub-01/ses-028_task-s04e04b.npy,1342,28,3072
ses-028_task-s04e05a,/home/lawrence/Desktop/algonauts-2025/algonauts2025/pipeline_TRIBE/TRIBE_8features/text_2hz/sub-01/ses-028_task-s04e05a.npy,1396,28,3072
ses-028_task-s04e05b,/home/lawrence/Desktop/algonauts-2025/algonauts2025/pipeline_TRIBE/TRIBE_8features/text_2hz/sub-01/ses-028_task-s04e05b.npy,1396,28,3072
ses-028_task-s04e06a,/home/lawrence/Desktop/algonauts-2025/algonauts2025/pipeline_TRIBE/TRIBE_8features/text_2hz/sub-01/ses-028_task-s04e06a.npy,1378,28,3072
ses-028_task-s04e06b,/home/lawrence/Desktop/algonauts-2025/algonauts2025/pipeline_TRIBE/TRIBE_8features/text_2hz/sub-01/ses-028_task-s04e06b.npy,1378,28,3072
ses-028_task-s04e07a,/home/lawrence/Desktop/algonauts-2025/algonauts2025/pipeline_TRIBE/TRIBE_8features/text_2hz/sub-01/ses-028_task-s04e07a.npy,1474,28,3072
ses-028_task-s04e07b,/home/lawrence/Desktop/algonauts-2025/algonauts2025/pipeline_TRIBE/TRIBE_8features/text_2hz/sub-01/ses-028_task-s04e07b.npy,1474,28,3072
ses-029_task-s04e08a,/home/lawrence/Desktop/algonauts-2025/algonauts2025/pipeline_TRIBE/TRIBE_8features/text_2hz/sub-01/ses-029_task-s04e08a.npy,1491,28,3072
ses-029_task-s04e08b,/home/lawrence/Desktop/algonauts-2025/algonauts2025/pipeline_TRIBE/TRIBE_8features/text_2hz/sub-01/ses-029_task-s04e08b.npy,1491,28,3072
ses-029_task-s04e09a,/home/lawrence/Desktop/algonauts-2025/algonauts2025/pipeline_TRIBE/TRIBE_8features/text_2hz/sub-01/ses-029_task-s04e09a.npy,1307,28,3072
ses-029_task-s04e09b,/home/lawrence/Desktop/algonauts-2025/algonauts2025/pipeline_TRIBE/TRIBE_8features/text_2hz/sub-01/ses-029_task-s04e09b.npy,1307,28,3072
ses-029_task-s04e10a,/home/lawrence/Desktop/algonauts-2025/algonauts2025/pipeline_TRIBE/TRIBE_8features/text_2hz/sub-01/ses-029_task-s04e10a.npy,1331,28,3072
ses-029_task-s04e10b,/home/lawrence/Desktop/algonauts-2025/algonauts2025/pipeline_TRIBE/TRIBE_8features/text_2hz/sub-01/ses-029_task-s04e10b.npy,1331,28,3072
ses-029_task-s04e11a,/home/lawrence/Desktop/algonauts-2025/algonauts2025/pipeline_TRIBE/TRIBE_8features/text_2hz/sub-01/ses-029_task-s04e11a.npy,1432,28,3072
ses-029_task-s04e11b,/home/lawrence/Desktop/algonauts-2025/algonauts2025/pipeline_TRIBE/TRIBE_8features/text_2hz/sub-01/ses-029_task-s04e11b.npy,1432,28,3072
ses-030_task-s04e12a,/home/lawrence/Desktop/algonauts-2025/algonauts2025/pipeline_TRIBE/TRIBE_8features/text_2hz/sub-01/ses-030_task-s04e12a.npy,1381,28,3072
ses-030_task-s04e12b,/home/lawrence/Desktop/algonauts-2025/algonauts2025/pipeline_TRIBE/TRIBE_8features/text_2hz/sub-01/ses-030_task-s04e12b.npy,1381,28,3072
ses-030_task-s04e13a,/home/lawrence/Desktop/algonauts-2025/algonauts2025/pipeline_TRIBE/TRIBE_8features/text_2hz/sub-01/ses-030_task-s04e13a.npy,1328,28,3072
ses-030_task-s04e13b,/home/lawrence/Desktop/algonauts-2025/algonauts2025/pipeline_TRIBE/TRIBE_8features/text_2hz/sub-01/ses-030_task-s04e13b.npy,1328,28,3072
ses-030_task-s04e14a,/home/lawrence/Desktop/algonauts-2025/algonauts2025/pipeline_TRIBE/TRIBE_8features/text_2hz/sub-01/ses-030_task-s04e14a.npy,1325,28,3072
ses-030_task-s04e14b,/home/lawrence/Desktop/algonauts-2025/algonauts2025/pipeline_TRIBE/TRIBE_8features/text_2hz/sub-01/ses-030_task-s04e14b.npy,1325,28,3072
ses-031_task-s04e15a,/home/lawrence/Desktop/algonauts-2025/algonauts2025/pipeline_TRIBE/TRIBE_8features/text_2hz/sub-01/ses-031_task-s04e15a.npy,1316,28,3072
ses-031_task-s04e15b,/home/lawrence/Desktop/algonauts-2025/algonauts2025/pipeline_TRIBE/TRIBE_8features/text_2hz/sub-01/ses-031_task-s04e15b.npy,1316,28,3072
ses-031_task-s04e16a,/home/lawrence/Desktop/algonauts-2025/algonauts2025/pipeline_TRIBE/TRIBE_8features/text_2hz/sub-01/ses-031_task-s04e16a.npy,1444,28,3072
ses-031_task-s04e16b,/home/lawrence/Desktop/algonauts-2025/algonauts2025/pipeline_TRIBE/TRIBE_8features/text_2hz/sub-01/ses-031_task-s04e16b.npy,1444,28,3072
ses-031_task-s04e17a,/home/lawrence/Desktop/algonauts-2025/algonauts2025/pipeline_TRIBE/TRIBE_8features/text_2hz/sub-01/ses-031_task-s04e17a.npy,1417,28,3072
ses-031_task-s04e17b,/home/lawrence/Desktop/algonauts-2025/algonauts2025/pipeline_TRIBE/TRIBE_8features/text_2hz/sub-01/ses-031_task-s04e17b.npy,1417,28,3072
ses-032_task-s04e18a,/home/lawrence/Desktop/algonauts-2025/algonauts2025/pipeline_TRIBE/TRIBE_8features/text_2hz/sub-01/ses-032_task-s04e18a.npy,1333,28,3072
ses-032_task-s04e18b,/home/lawrence/Desktop/algonauts-2025/algonauts2025/pipeline_TRIBE/TRIBE_8features/text_2hz/sub-01/ses-032_task-s04e18b.npy,1333,28,3072
ses-032_task-s04e19a,/home/lawrence/Desktop/algonauts-2025/algonauts2025/pipeline_TRIBE/TRIBE_8features/text_2hz/sub-01/ses-032_task-s04e19a.npy,1295,28,3072
ses-032_task-s04e19b,/home/lawrence/Desktop/algonauts-2025/algonauts2025/pipeline_TRIBE/TRIBE_8features/text_2hz/sub-01/ses-032_task-s04e19b.npy,1295,28,3072
ses-033_task-s04e20a,/home/lawrence/Desktop/algonauts-2025/algonauts2025/pipeline_TRIBE/TRIBE_8features/text_2hz/sub-01/ses-033_task-s04e20a.npy,1325,28,3072
ses-033_task-s04e20b,/home/lawrence/Desktop/algonauts-2025/algonauts2025/pipeline_TRIBE/TRIBE_8features/text_2hz/sub-01/ses-033_task-s04e20b.npy,1325,28,3072
ses-034_task-s04e21a,/home/lawrence/Desktop/algonauts-2025/algonauts2025/pipeline_TRIBE/TRIBE_8features/text_2hz/sub-01/ses-034_task-s04e21a.npy,1328,28,3072
ses-034_task-s04e21b,/home/lawrence/Desktop/algonauts-2025/algonauts2025/pipeline_TRIBE/TRIBE_8features/text_2hz/sub-01/ses-034_task-s04e21b.npy,1328,28,3072
ses-034_task-s04e22a,/home/lawrence/Desktop/algonauts-2025/algonauts2025/pipeline_TRIBE/TRIBE_8features/text_2hz/sub-01/ses-034_task-s04e22a.npy,1360,28,3072
ses-034_task-s04e22b,/home/lawrence/Desktop/algonauts-2025/algonauts2025/pipeline_TRIBE/TRIBE_8features/text_2hz/sub-01/ses-034_task-s04e22b.npy,1360,28,3072
ses-035_task-s04e23a,/home/lawrence/Desktop/algonauts-2025/algonauts2025/pipeline_TRIBE/TRIBE_8features/text_2hz/sub-01/ses-035_task-s04e23a.npy,1497,28,3072
ses-035_task-s04e23b,/home/lawrence/Desktop/algonauts-2025/algonauts2025/pipeline_TRIBE/TRIBE_8features/text_2hz/sub-01/ses-035_task-s04e23b.npy,1494,28,3072
ses-035_task-s04e23c,/home/lawrence/Desktop/algonauts-2025/algonauts2025/pipeline_TRIBE/TRIBE_8features/text_2hz/sub-01/ses-035_task-s04e23c.npy,1494,28,3072
ses-035_task-s04e23d,/home/lawrence/Desktop/algonauts-2025/algonauts2025/pipeline_TRIBE/TRIBE_8features/text_2hz/sub-01/ses-035_task-s04e23d.npy,1494,28,3072
ses-036_task-s05e01a,/home/lawrence/Desktop/algonauts-2025/algonauts2025/pipeline_TRIBE/TRIBE_8features/text_2hz/sub-01/ses-036_task-s05e01a.npy,1301,28,3072
ses-036_task-s05e01b,/home/lawrence/Desktop/algonauts-2025/algonauts2025/pipeline_TRIBE/TRIBE_8features/text_2hz/sub-01/ses-036_task-s05e01b.npy,1405,28,3072
ses-036_task-s05e02a,/home/lawrence/Desktop/algonauts-2025/algonauts2025/pipeline_TRIBE/TRIBE_8features/text_2hz/sub-01/ses-036_task-s05e02a.npy,1468,28,3072
ses-036_task-s05e02b,/home/lawrence/Desktop/algonauts-2025/algonauts2025/pipeline_TRIBE/TRIBE_8features/text_2hz/sub-01/ses-036_task-s05e02b.npy,1575,28,3072
ses-037_task-s05e03a,/home/lawrence/Desktop/algonauts-2025/algonauts2025/pipeline_TRIBE/TRIBE_8features/text_2hz/sub-01/ses-037_task-s05e03a.npy,1316,28,3072
ses-037_task-s05e03b,/home/lawrence/Desktop/algonauts-2025/algonauts2025/pipeline_TRIBE/TRIBE_8features/text_2hz/sub-01/ses-037_task-s05e03b.npy,1405,28,3072
ses-037_task-s05e04a,/home/lawrence/Desktop/algonauts-2025/algonauts2025/pipeline_TRIBE/TRIBE_8features/text_2hz/sub-01/ses-037_task-s05e04a.npy,1447,28,3072
ses-037_task-s05e04b,/home/lawrence/Desktop/algonauts-2025/algonauts2025/pipeline_TRIBE/TRIBE_8features/text_2hz/sub-01/ses-037_task-s05e04b.npy,1554,28,3072
ses-041_task-s05e05a,/home/lawrence/Desktop/algonauts-2025/algonauts2025/pipeline_TRIBE/TRIBE_8features/text_2hz/sub-01/ses-041_task-s05e05a.npy,1441,28,3072
ses-041_task-s05e05b,/home/lawrence/Desktop/algonauts-2025/algonauts2025/pipeline_TRIBE/TRIBE_8features/text_2hz/sub-01/ses-041_task-s05e05b.npy,1545,28,3072
ses-041_task-s05e06a,/home/lawrence/Desktop/algonauts-2025/algonauts2025/pipeline_TRIBE/TRIBE_8features/text_2hz/sub-01/ses-041_task-s05e06a.npy,1360,28,3072
ses-041_task-s05e06b,/home/lawrence/Desktop/algonauts-2025/algonauts2025/pipeline_TRIBE/TRIBE_8features/text_2hz/sub-01/ses-041_task-s05e06b.npy,1462,28,3072
ses-042_task-s05e07a,/home/lawrence/Desktop/algonauts-2025/algonauts2025/pipeline_TRIBE/TRIBE_8features/text_2hz/sub-01/ses-042_task-s05e07a.npy,1360,28,3072
ses-042_task-s05e07b,/home/lawrence/Desktop/algonauts-2025/algonauts2025/pipeline_TRIBE/TRIBE_8features/text_2hz/sub-01/ses-042_task-s05e07b.npy,1462,28,3072
ses-043_task-s05e08a,/home/lawrence/Desktop/algonauts-2025/algonauts2025/pipeline_TRIBE/TRIBE_8features/text_2hz/sub-01/ses-043_task-s05e08a.npy,1322,28,3072
ses-043_task-s05e08b,/home/lawrence/Desktop/algonauts-2025/algonauts2025/pipeline_TRIBE/TRIBE_8features/text_2hz/sub-01/ses-043_task-s05e08b.npy,1423,28,3072
ses-044_task-s05e09a,/home/lawrence/Desktop/algonauts-2025/algonauts2025/pipeline_TRIBE/TRIBE_8features/text_2hz/sub-01/ses-044_task-s05e09a.npy,1351,28,3072
ses-044_task-s05e09b,/home/lawrence/Desktop/algonauts-2025/algonauts2025/pipeline_TRIBE/TRIBE_8features/text_2hz/sub-01/ses-044_task-s05e09b.npy,1453,28,3072
ses-044_task-s05e10a,/home/lawrence/Desktop/algonauts-2025/algonauts2025/pipeline_TRIBE/TRIBE_8features/text_2hz/sub-01/ses-044_task-s05e10a.npy,1333,28,3072
ses-044_task-s05e10b,/home/lawrence/Desktop/algonauts-2025/algonauts2025/pipeline_TRIBE/TRIBE_8features/text_2hz/sub-01/ses-044_task-s05e10b.npy,1435,28,3072
ses-045_task-s05e11a,/home/lawrence/Desktop/algonauts-2025/algonauts2025/pipeline_TRIBE/TRIBE_8features/text_2hz/sub-01/ses-045_task-s05e11a.npy,1411,28,3072
ses-045_task-s05e11b,/home/lawrence/Desktop/algonauts-2025/algonauts2025/pipeline_TRIBE/TRIBE_8features/text_2hz/sub-01/ses-045_task-s05e11b.npy,1515,28,3072
ses-045_task-s05e12a,/home/lawrence/Desktop/algonauts-2025/algonauts2025/pipeline_TRIBE/TRIBE_8features/text_2hz/sub-01/ses-045_task-s05e12a.npy,1319,28,3072
ses-045_task-s05e12b,/home/lawrence/Desktop/algonauts-2025/algonauts2025/pipeline_TRIBE/TRIBE_8features/text_2hz/sub-01/ses-045_task-s05e12b.npy,1423,28,3072
ses-046_task-s05e13a,/home/lawrence/Desktop/algonauts-2025/algonauts2025/pipeline_TRIBE/TRIBE_8features/text_2hz/sub-01/ses-046_task-s05e13a.npy,1363,28,3072
ses-046_task-s05e13b,/home/lawrence/Desktop/algonauts-2025/algonauts2025/pipeline_TRIBE/TRIBE_8features/text_2hz/sub-01/ses-046_task-s05e13b.npy,1465,28,3072
ses-046_task-s05e14a,/home/lawrence/Desktop/algonauts-2025/algonauts2025/pipeline_TRIBE/TRIBE_8features/text_2hz/sub-01/ses-046_task-s05e14a.npy,1441,28,3072
ses-046_task-s05e14b,/home/lawrence/Desktop/algonauts-2025/algonauts2025/pipeline_TRIBE/TRIBE_8features/text_2hz/sub-01/ses-046_task-s05e14b.npy,1542,28,3072
ses-047_task-s05e15a,/home/lawrence/Desktop/algonauts-2025/algonauts2025/pipeline_TRIBE/TRIBE_8features/text_2hz/sub-01/ses-047_task-s05e15a.npy,1313,28,3072
ses-047_task-s05e15b,/home/lawrence/Desktop/algonauts-2025/algonauts2025/pipeline_TRIBE/TRIBE_8features/text_2hz/sub-01/ses-047_task-s05e15b.npy,1414,28,3072
ses-047_task-s05e16a,/home/lawrence/Desktop/algonauts-2025/algonauts2025/pipeline_TRIBE/TRIBE_8features/text_2hz/sub-01/ses-047_task-s05e16a.npy,1438,28,3072
ses-047_task-s05e16b,/home/lawrence/Desktop/algonauts-2025/algonauts2025/pipeline_TRIBE/TRIBE_8features/text_2hz/sub-01/ses-047_task-s05e16b.npy,1539,28,3072
ses-048_task-s05e17a,/home/lawrence/Desktop/algonauts-2025/algonauts2025/pipeline_TRIBE/TRIBE_8features/text_2hz/sub-01/ses-048_task-s05e17a.npy,1339,28,3072
ses-048_task-s05e17b,/home/lawrence/Desktop/algonauts-2025/algonauts2025/pipeline_TRIBE/TRIBE_8features/text_2hz/sub-01/ses-048_task-s05e17b.npy,1441,28,3072
ses-048_task-s05e18a,/home/lawrence/Desktop/algonauts-2025/algonauts2025/pipeline_TRIBE/TRIBE_8features/text_2hz/sub-01/ses-048_task-s05e18a.npy,1485,28,3072
ses-048_task-s05e18b,/home/lawrence/Desktop/algonauts-2025/algonauts2025/pipeline_TRIBE/TRIBE_8features/text_2hz/sub-01/ses-048_task-s05e18b.npy,1587,28,3072
ses-049_task-s05e19a,/home/lawrence/Desktop/algonauts-2025/algonauts2025/pipeline_TRIBE/TRIBE_8features/text_2hz/sub-01/ses-049_task-s05e19a.npy,1322,28,3072
ses-049_task-s05e19b,/home/lawrence/Desktop/algonauts-2025/algonauts2025/pipeline_TRIBE/TRIBE_8features/text_2hz/sub-01/ses-049_task-s05e19b.npy,1423,28,3072
ses-049_task-s05e20a,/home/lawrence/Desktop/algonauts-2025/algonauts2025/pipeline_TRIBE/TRIBE_8features/text_2hz/sub-01/ses-049_task-s05e20a.npy,1351,28,3072
ses-049_task-s05e20b,/home/lawrence/Desktop/algonauts-2025/algonauts2025/pipeline_TRIBE/TRIBE_8features/text_2hz/sub-01/ses-049_task-s05e20b.npy,1453,28,3072
ses-050_task-s05e21a,/home/lawrence/Desktop/algonauts-2025/algonauts2025/pipeline_TRIBE/TRIBE_8features/text_2hz/sub-01/ses-050_task-s05e21a.npy,1316,28,3072
ses-050_task-s05e21b,/home/lawrence/Desktop/algonauts-2025/algonauts2025/pipeline_TRIBE/TRIBE_8features/text_2hz/sub-01/ses-050_task-s05e21b.npy,1417,28,3072
ses-050_task-s05e22a,/home/lawrence/Desktop/algonauts-2025/algonauts2025/pipeline_TRIBE/TRIBE_8features/text_2hz/sub-01/ses-050_task-s05e22a.npy,1333,28,3072
ses-050_task-s05e22b,/home/lawrence/Desktop/algonauts-2025/algonauts2025/pipeline_TRIBE/TRIBE_8features/text_2hz/sub-01/ses-050_task-s05e22b.npy,1435,28,3072
ses-051_task-s05e23a,/home/lawrence/Desktop/algonauts-2025/algonauts2025/pipeline_TRIBE/TRIBE_8features/text_2hz/sub-01/ses-051_task-s05e23a.npy,1345,28,3072
ses-051_task-s05e23b,/home/lawrence/Desktop/algonauts-2025/algonauts2025/pipeline_TRIBE/TRIBE_8features/text_2hz/sub-01/ses-051_task-s05e23b.npy,1357,28,3072
ses-052_task-s05e23c,/home/lawrence/Desktop/algonauts-2025/algonauts2025/pipeline_TRIBE/TRIBE_8features/text_2hz/sub-01/ses-052_task-s05e23c.npy,1357,28,3072
ses-052_task-s05e23d,/home/lawrence/Desktop/algonauts-2025/algonauts2025/pipeline_TRIBE/TRIBE_8features/text_2hz/sub-01/ses-052_task-s05e23d.npy,1447,28,3072
ses-052_task-s06e01a,/home/lawrence/Desktop/algonauts-2025/algonauts2025/pipeline_TRIBE/TRIBE_8features/text_2hz/sub-01/ses-052_task-s06e01a.npy,1378,28,3072
ses-052_task-s06e01b,/home/lawrence/Desktop/algonauts-2025/algonauts2025/pipeline_TRIBE/TRIBE_8features/text_2hz/sub-01/ses-052_task-s06e01b.npy,1480,28,3072
ses-053_task-s06e02a,/home/lawrence/Desktop/algonauts-2025/algonauts2025/pipeline_TRIBE/TRIBE_8features/text_2hz/sub-01/ses-053_task-s06e02a.npy,1342,28,3072
ses-053_task-s06e02b,/home/lawrence/Desktop/algonauts-2025/algonauts2025/pipeline_TRIBE/TRIBE_8features/text_2hz/sub-01/ses-053_task-s06e02b.npy,1444,28,3072
ses-053_task-s06e03a,/home/lawrence/Desktop/algonauts-2025/algonauts2025/pipeline_TRIBE/TRIBE_8features/text_2hz/sub-01/ses-053_task-s06e03a.npy,1301,28,3072
ses-053_task-s06e03b,/home/lawrence/Desktop/algonauts-2025/algonauts2025/pipeline_TRIBE/TRIBE_8features/text_2hz/sub-01/ses-053_task-s06e03b.npy,1402,28,3072
ses-053_task-s06e04a,/home/lawrence/Desktop/algonauts-2025/algonauts2025/pipeline_TRIBE/TRIBE_8features/text_2hz/sub-01/ses-053_task-s06e04a.npy,1301,28,3072
ses-054_task-s06e04b,/home/lawrence/Desktop/algonauts-2025/algonauts2025/pipeline_TRIBE/TRIBE_8features/text_2hz/sub-01/ses-054_task-s06e04b.npy,1405,28,3072
ses-054_task-s06e05a,/home/lawrence/Desktop/algonauts-2025/algonauts2025/pipeline_TRIBE/TRIBE_8features/text_2hz/sub-01/ses-054_task-s06e05a.npy,1339,28,3072
ses-054_task-s06e05b,/home/lawrence/Desktop/algonauts-2025/algonauts2025/pipeline_TRIBE/TRIBE_8features/text_2hz/sub-01/ses-054_task-s06e05b.npy,1441,28,3072
ses-055_task-s06e06a,/home/lawrence/Desktop/algonauts-2025/algonauts2025/pipeline_TRIBE/TRIBE_8features/text_2hz/sub-01/ses-055_task-s06e06a.npy,1313,28,3072
ses-055_task-s06e06b,/home/lawrence/Desktop/algonauts-2025/algonauts2025/pipeline_TRIBE/TRIBE_8features/text_2hz/sub-01/ses-055_task-s06e06b.npy,1417,28,3072
ses-055_task-s06e07a,/home/lawrence/Desktop/algonauts-2025/algonauts2025/pipeline_TRIBE/TRIBE_8features/text_2hz/sub-01/ses-055_task-s06e07a.npy,1319,28,3072
ses-055_task-s06e07b,/home/lawrence/Desktop/algonauts-2025/algonauts2025/pipeline_TRIBE/TRIBE_8features/text_2hz/sub-01/ses-055_task-s06e07b.npy,1420,28,3072
ses-056_task-s06e08a,/home/lawrence/Desktop/algonauts-2025/algonauts2025/pipeline_TRIBE/TRIBE_8features/text_2hz/sub-01/ses-056_task-s06e08a.npy,1298,28,3072
ses-056_task-s06e08b,/home/lawrence/Desktop/algonauts-2025/algonauts2025/pipeline_TRIBE/TRIBE_8features/text_2hz/sub-01/ses-056_task-s06e08b.npy,1399,28,3072
ses-056_task-s06e09a,/home/lawrence/Desktop/algonauts-2025/algonauts2025/pipeline_TRIBE/TRIBE_8features/text_2hz/sub-01/ses-056_task-s06e09a.npy,1494,28,3072
ses-056_task-s06e09b,/home/lawrence/Desktop/algonauts-2025/algonauts2025/pipeline_TRIBE/TRIBE_8features/text_2hz/sub-01/ses-056_task-s06e09b.npy,1593,28,3072
ses-056_task-s06e10a,/home/lawrence/Desktop/algonauts-2025/algonauts2025/pipeline_TRIBE/TRIBE_8features/text_2hz/sub-01/ses-056_task-s06e10a.npy,1381,28,3072
ses-057_task-s06e10b,/home/lawrence/Desktop/algonauts-2025/algonauts2025/pipeline_TRIBE/TRIBE_8features/text_2hz/sub-01/ses-057_task-s06e10b.npy,1482,28,3072
ses-057_task-s06e11a,/home/lawrence/Desktop/algonauts-2025/algonauts2025/pipeline_TRIBE/TRIBE_8features/text_2hz/sub-01/ses-057_task-s06e11a.npy,1333,28,3072
ses-057_task-s06e11b,/home/lawrence/Desktop/algonauts-2025/algonauts2025/pipeline_TRIBE/TRIBE_8features/text_2hz/sub-01/ses-057_task-s06e11b.npy,1435,28,3072
ses-057_task-s06e12a,/home/lawrence/Desktop/algonauts-2025/algonauts2025/pipeline_TRIBE/TRIBE_8features/text_2hz/sub-01/ses-057_task-s06e12a.npy,1289,28,3072
ses-057_task-s06e12b,/home/lawrence/Desktop/algonauts-2025/algonauts2025/pipeline_TRIBE/TRIBE_8features/text_2hz/sub-01/ses-057_task-s06e12b.npy,1393,28,3072
ses-058_task-s06e13a,/home/lawrence/Desktop/algonauts-2025/algonauts2025/pipeline_TRIBE/TRIBE_8features/text_2hz/sub-01/ses-058_task-s06e13a.npy,1393,28,3072
ses-058_task-s06e13b,/home/lawrence/Desktop/algonauts-2025/algonauts2025/pipeline_TRIBE/TRIBE_8features/text_2hz/sub-01/ses-058_task-s06e13b.npy,1494,28,3072
ses-058_task-s06e14a,/home/lawrence/Desktop/algonauts-2025/algonauts2025/pipeline_TRIBE/TRIBE_8features/text_2hz/sub-01/ses-058_task-s06e14a.npy,1366,28,3072
ses-058_task-s06e14b,/home/lawrence/Desktop/algonauts-2025/algonauts2025/pipeline_TRIBE/TRIBE_8features/text_2hz/sub-01/ses-058_task-s06e14b.npy,1468,28,3072
ses-059_task-s06e15a,/home/lawrence/Desktop/algonauts-2025/algonauts2025/pipeline_TRIBE/TRIBE_8features/text_2hz/sub-01/ses-059_task-s06e15a.npy,1351,28,3072
ses-060_task-s06e15b,/home/lawrence/Desktop/algonauts-2025/algonauts2025/pipeline_TRIBE/TRIBE_8features/text_2hz/sub-01/ses-060_task-s06e15b.npy,1363,28,3072
ses-060_task-s06e15c,/home/lawrence/Desktop/algonauts-2025/algonauts2025/pipeline_TRIBE/TRIBE_8features/text_2hz/sub-01/ses-060_task-s06e15c.npy,1363,28,3072
ses-061_task-s06e15d,/home/lawrence/Desktop/algonauts-2025/algonauts2025/pipeline_TRIBE/TRIBE_8features/text_2hz/sub-01/ses-061_task-s06e15d.npy,1453,28,3072
ses-061_task-s06e17a,/home/lawrence/Desktop/algonauts-2025/algonauts2025/pipeline_TRIBE/TRIBE_8features/text_2hz/sub-01/ses-061_task-s06e17a.npy,1268,28,3072
ses-061_task-s06e17b,/home/lawrence/Desktop/algonauts-2025/algonauts2025/pipeline_TRIBE/TRIBE_8features/text_2hz/sub-01/ses-061_task-s06e17b.npy,1369,28,3072
ses-062_task-s06e18a,/home/lawrence/Desktop/algonauts-2025/algonauts2025/pipeline_TRIBE/TRIBE_8features/text_2hz/sub-01/ses-062_task-s06e18a.npy,1289,28,3072
ses-062_task-s06e18b,/home/lawrence/Desktop/algonauts-2025/algonauts2025/pipeline_TRIBE/TRIBE_8features/text_2hz/sub-01/ses-062_task-s06e18b.npy,1393,28,3072
ses-062_task-s06e19a,/home/lawrence/Desktop/algonauts-2025/algonauts2025/pipeline_TRIBE/TRIBE_8features/text_2hz/sub-01/ses-062_task-s06e19a.npy,1286,28,3072
ses-062_task-s06e19b,/home/lawrence/Desktop/algonauts-2025/algonauts2025/pipeline_TRIBE/TRIBE_8features/text_2hz/sub-01/ses-062_task-s06e19b.npy,1387,28,3072
ses-063_task-s06e20a,/home/lawrence/Desktop/algonauts-2025/algonauts2025/pipeline_TRIBE/TRIBE_8features/text_2hz/sub-01/ses-063_task-s06e20a.npy,1277,28,3072
ses-063_task-s06e20b,/home/lawrence/Desktop/algonauts-2025/algonauts2025/pipeline_TRIBE/TRIBE_8features/text_2hz/sub-01/ses-063_task-s06e20b.npy,1378,28,3072
ses-063_task-s06e21a,/home/lawrence/Desktop/algonauts-2025/algonauts2025/pipeline_TRIBE/TRIBE_8features/text_2hz/sub-01/ses-063_task-s06e21a.npy,1363,28,3072
ses-064_task-s06e21b,/home/lawrence/Desktop/algonauts-2025/algonauts2025/pipeline_TRIBE/TRIBE_8features/text_2hz/sub-01/ses-064_task-s06e21b.npy,1465,28,3072
ses-064_task-s06e22a,/home/lawrence/Desktop/algonauts-2025/algonauts2025/pipeline_TRIBE/TRIBE_8features/text_2hz/sub-01/ses-064_task-s06e22a.npy,1339,28,3072
ses-064_task-s06e22b,/home/lawrence/Desktop/algonauts-2025/algonauts2025/pipeline_TRIBE/TRIBE_8features/text_2hz/sub-01/ses-064_task-s06e22b.npy,1441,28,3072
ses-065_task-s06e23a,/home/lawrence/Desktop/algonauts-2025/algonauts2025/pipeline_TRIBE/TRIBE_8features/text_2hz/sub-01/ses-065_task-s06e23a.npy,1441,28,3072
ses-065_task-s06e23b,/home/lawrence/Desktop/algonauts-2025/algonauts2025/pipeline_TRIBE/TRIBE_8features/text_2hz/sub-01/ses-065_task-s06e23b.npy,1542,28,3072
ses-065_task-s06e24a,/home/lawrence/Desktop/algonauts-2025/algonauts2025/pipeline_TRIBE/TRIBE_8features/text_2hz/sub-01/ses-065_task-s06e24a.npy,1354,28,3072
ses-066_task-s06e24b,/home/lawrence/Desktop/algonauts-2025/algonauts2025/pipeline_TRIBE/TRIBE_8features/text_2hz/sub-01/ses-066_task-s06e24b.npy,1366,28,3072
ses-066_task-s06e24c,/home/lawrence/Desktop/algonauts-2025/algonauts2025/pipeline_TRIBE/TRIBE_8features/text_2hz/sub-01/ses-066_task-s06e24c.npy,1366,28,3072
ses-066_task-s06e24d,/home/lawrence/Desktop/algonauts-2025/algonauts2025/pipeline_TRIBE/TRIBE_8features/text_2hz/sub-01/ses-066_task-s06e24d.npy,1453,28,3072
