dataset,transcript_path,status
ses-001_task-bourne01,/home/lawrence/Desktop/algonauts-2025/algonauts2025/download/algonauts_2025.competitors/stimuli/transcripts/movie10/bourne/movie10_bourne01.tsv,ok
ses-001_task-bourne02,/home/lawrence/Desktop/algonauts-2025/algonauts2025/download/algonauts_2025.competitors/stimuli/transcripts/movie10/bourne/movie10_bourne02.tsv,ok
ses-001_task-bourne03,/home/lawrence/Desktop/algonauts-2025/algonauts2025/download/algonauts_2025.competitors/stimuli/transcripts/movie10/bourne/movie10_bourne03.tsv,ok
ses-001_task-bourne04,/home/lawrence/Desktop/algonauts-2025/algonauts2025/download/algonauts_2025.competitors/stimuli/transcripts/movie10/bourne/movie10_bourne04.tsv,ok
ses-001_task-bourne05,/home/lawrence/Desktop/algonauts-2025/algonauts2025/download/algonauts_2025.competitors/stimuli/transcripts/movie10/bourne/movie10_bourne05.tsv,ok
ses-001_task-s01e02a,/home/lawrence/Desktop/algonauts-2025/algonauts2025/download/algonauts_2025.competitors/stimuli/transcripts/friends/s1/friends_s01e02a.tsv,ok
ses-001_task-s01e02b,/home/lawrence/Desktop/algonauts-2025/algonauts2025/download/algonauts_2025.competitors/stimuli/transcripts/friends/s1/friends_s01e02b.tsv,ok
ses-001_task-s01e03a,/home/lawrence/Desktop/algonauts-2025/algonauts2025/download/algonauts_2025.competitors/stimuli/transcripts/friends/s1/friends_s01e03a.tsv,ok
ses-001_task-s01e03b,/home/lawrence/Desktop/algonauts-2025/algonauts2025/download/algonauts_2025.competitors/stimuli/transcripts/friends/s1/friends_s01e03b.tsv,ok
ses-002_task-bourne06,/home/lawrence/Desktop/algonauts-2025/algonauts2025/download/algonauts_2025.competitors/stimuli/transcripts/movie10/bourne/movie10_bourne06.tsv,ok
ses-002_task-bourne07,/home/lawrence/Desktop/algonauts-2025/algonauts2025/download/algonauts_2025.competitors/stimuli/transcripts/movie10/bourne/movie10_bourne07.tsv,ok
ses-002_task-bourne08,/home/lawrence/Desktop/algonauts-2025/algonauts2025/download/algonauts_2025.competitors/stimuli/transcripts/movie10/bourne/movie10_bourne08.tsv,ok
ses-002_task-bourne09,/home/lawrence/Desktop/algonauts-2025/algonauts2025/download/algonauts_2025.competitors/stimuli/transcripts/movie10/bourne/movie10_bourne09.tsv,ok
ses-002_task-bourne10,/home/lawrence/Desktop/algonauts-2025/algonauts2025/download/algonauts_2025.competitors/stimuli/transcripts/movie10/bourne/movie10_bourne10.tsv,ok
ses-002_task-s01e04a,/home/lawrence/Desktop/algonauts-2025/algonauts2025/download/algonauts_2025.competitors/stimuli/transcripts/friends/s1/friends_s01e04a.tsv,ok
ses-002_task-s01e04b,/home/lawrence/Desktop/algonauts-2025/algonauts2025/download/algonauts_2025.competitors/stimuli/transcripts/friends/s1/friends_s01e04b.tsv,ok
ses-002_task-s01e05a,/home/lawrence/Desktop/algonauts-2025/algonauts2025/download/algonauts_2025.competitors/stimuli/transcripts/friends/s1/friends_s01e05a.tsv,ok
ses-002_task-s01e05b,/home/lawrence/Desktop/algonauts-2025/algonauts2025/download/algonauts_2025.competitors/stimuli/transcripts/friends/s1/friends_s01e05b.tsv,ok
ses-003_task-s01e01a,/home/lawrence/Desktop/algonauts-2025/algonauts2025/download/algonauts_2025.competitors/stimuli/transcripts/friends/s1/friends_s01e01a.tsv,ok
ses-003_task-s01e01b,/home/lawrence/Desktop/algonauts-2025/algonauts2025/download/algonauts_2025.competitors/stimuli/transcripts/friends/s1/friends_s01e01b.tsv,ok
ses-003_task-s01e06a,/home/lawrence/Desktop/algonauts-2025/algonauts2025/download/algonauts_2025.competitors/stimuli/transcripts/friends/s1/friends_s01e06a.tsv,ok
ses-003_task-s01e06b,/home/lawrence/Desktop/algonauts-2025/algonauts2025/download/algonauts_2025.competitors/stimuli/transcripts/friends/s1/friends_s01e06b.tsv,ok
ses-003_task-wolf01,/home/lawrence/Desktop/algonauts-2025/algonauts2025/download/algonauts_2025.competitors/stimuli/transcripts/movie10/wolf/movie10_wolf01.tsv,ok
ses-003_task-wolf02,/home/lawrence/Desktop/algonauts-2025/algonauts2025/download/algonauts_2025.competitors/stimuli/transcripts/movie10/wolf/movie10_wolf02.tsv,ok
ses-003_task-wolf03,/home/lawrence/Desktop/algonauts-2025/algonauts2025/download/algonauts_2025.competitors/stimuli/transcripts/movie10/wolf/movie10_wolf03.tsv,ok
ses-003_task-wolf04,/home/lawrence/Desktop/algonauts-2025/algonauts2025/download/algonauts_2025.competitors/stimuli/transcripts/movie10/wolf/movie10_wolf04.tsv,ok
ses-003_task-wolf05,/home/lawrence/Desktop/algonauts-2025/algonauts2025/download/algonauts_2025.competitors/stimuli/transcripts/movie10/wolf/movie10_wolf05.tsv,ok
ses-003_task-wolf06,/home/lawrence/Desktop/algonauts-2025/algonauts2025/download/algonauts_2025.competitors/stimuli/transcripts/movie10/wolf/movie10_wolf06.tsv,ok
ses-004_task-s01e07a,/home/lawrence/Desktop/algonauts-2025/algonauts2025/download/algonauts_2025.competitors/stimuli/transcripts/friends/s1/friends_s01e07a.tsv,ok
ses-004_task-s01e07b,/home/lawrence/Desktop/algonauts-2025/algonauts2025/download/algonauts_2025.competitors/stimuli/transcripts/friends/s1/friends_s01e07b.tsv,ok
ses-004_task-s01e08a,/home/lawrence/Desktop/algonauts-2025/algonauts2025/download/algonauts_2025.competitors/stimuli/transcripts/friends/s1/friends_s01e08a.tsv,ok
ses-004_task-s01e08b,/home/lawrence/Desktop/algonauts-2025/algonauts2025/download/algonauts_2025.competitors/stimuli/transcripts/friends/s1/friends_s01e08b.tsv,ok
ses-004_task-s01e09a,/home/lawrence/Desktop/algonauts-2025/algonauts2025/download/algonauts_2025.competitors/stimuli/transcripts/friends/s1/friends_s01e09a.tsv,ok
ses-004_task-s01e09b,/home/lawrence/Desktop/algonauts-2025/algonauts2025/download/algonauts_2025.competitors/stimuli/transcripts/friends/s1/friends_s01e09b.tsv,ok
ses-004_task-wolf07,/home/lawrence/Desktop/algonauts-2025/algonauts2025/download/algonauts_2025.competitors/stimuli/transcripts/movie10/wolf/movie10_wolf07.tsv,ok
ses-004_task-wolf08,/home/lawrence/Desktop/algonauts-2025/algonauts2025/download/algonauts_2025.competitors/stimuli/transcripts/movie10/wolf/movie10_wolf08.tsv,ok
ses-004_task-wolf09,/home/lawrence/Desktop/algonauts-2025/algonauts2025/download/algonauts_2025.competitors/stimuli/transcripts/movie10/wolf/movie10_wolf09.tsv,ok
ses-004_task-wolf10,/home/lawrence/Desktop/algonauts-2025/algonauts2025/download/algonauts_2025.competitors/stimuli/transcripts/movie10/wolf/movie10_wolf10.tsv,ok
ses-004_task-wolf11,/home/lawrence/Desktop/algonauts-2025/algonauts2025/download/algonauts_2025.competitors/stimuli/transcripts/movie10/wolf/movie10_wolf11.tsv,ok
ses-004_task-wolf12,/home/lawrence/Desktop/algonauts-2025/algonauts2025/download/algonauts_2025.competitors/stimuli/transcripts/movie10/wolf/movie10_wolf12.tsv,ok
ses-005_task-s01e10a,/home/lawrence/Desktop/algonauts-2025/algonauts2025/download/algonauts_2025.competitors/stimuli/transcripts/friends/s1/friends_s01e10a.tsv,ok
ses-005_task-s01e10b,/home/lawrence/Desktop/algonauts-2025/algonauts2025/download/algonauts_2025.competitors/stimuli/transcripts/friends/s1/friends_s01e10b.tsv,ok
ses-005_task-s01e11a,/home/lawrence/Desktop/algonauts-2025/algonauts2025/download/algonauts_2025.competitors/stimuli/transcripts/friends/s1/friends_s01e11a.tsv,ok
ses-005_task-s01e11b,/home/lawrence/Desktop/algonauts-2025/algonauts2025/download/algonauts_2025.competitors/stimuli/transcripts/friends/s1/friends_s01e11b.tsv,ok
ses-005_task-wolf13,/home/lawrence/Desktop/algonauts-2025/algonauts2025/download/algonauts_2025.competitors/stimuli/transcripts/movie10/wolf/movie10_wolf13.tsv,ok
ses-005_task-wolf14,/home/lawrence/Desktop/algonauts-2025/algonauts2025/download/algonauts_2025.competitors/stimuli/transcripts/movie10/wolf/movie10_wolf14.tsv,ok
ses-005_task-wolf15,/home/lawrence/Desktop/algonauts-2025/algonauts2025/download/algonauts_2025.competitors/stimuli/transcripts/movie10/wolf/movie10_wolf15.tsv,ok
ses-006_task-life01_run-1,/home/lawrence/Desktop/algonauts-2025/algonauts2025/download/algonauts_2025.competitors/stimuli/transcripts/movie10/life/movie10_life01.tsv,ok
ses-006_task-life02_run-1,/home/lawrence/Desktop/algonauts-2025/algonauts2025/download/algonauts_2025.competitors/stimuli/transcripts/movie10/life/movie10_life02.tsv,ok
ses-006_task-s01e12a,/home/lawrence/Desktop/algonauts-2025/algonauts2025/download/algonauts_2025.competitors/stimuli/transcripts/friends/s1/friends_s01e12a.tsv,ok
ses-006_task-s01e12b,/home/lawrence/Desktop/algonauts-2025/algonauts2025/download/algonauts_2025.competitors/stimuli/transcripts/friends/s1/friends_s01e12b.tsv,ok
ses-006_task-s01e13a,/home/lawrence/Desktop/algonauts-2025/algonauts2025/download/algonauts_2025.competitors/stimuli/transcripts/friends/s1/friends_s01e13a.tsv,ok
ses-006_task-s01e13b,/home/lawrence/Desktop/algonauts-2025/algonauts2025/download/algonauts_2025.competitors/stimuli/transcripts/friends/s1/friends_s01e13b.tsv,ok
ses-006_task-s01e14a,/home/lawrence/Desktop/algonauts-2025/algonauts2025/download/algonauts_2025.competitors/stimuli/transcripts/friends/s1/friends_s01e14a.tsv,ok
ses-006_task-s01e14b,/home/lawrence/Desktop/algonauts-2025/algonauts2025/download/algonauts_2025.competitors/stimuli/transcripts/friends/s1/friends_s01e14b.tsv,ok
ses-006_task-wolf16,/home/lawrence/Desktop/algonauts-2025/algonauts2025/download/algonauts_2025.competitors/stimuli/transcripts/movie10/wolf/movie10_wolf16.tsv,ok
ses-006_task-wolf17,/home/lawrence/Desktop/algonauts-2025/algonauts2025/download/algonauts_2025.competitors/stimuli/transcripts/movie10/wolf/movie10_wolf17.tsv,ok
ses-007_task-figures01_run-1,/home/lawrence/Desktop/algonauts-2025/algonauts2025/download/algonauts_2025.competitors/stimuli/transcripts/movie10/figures/movie10_figures01.tsv,ok
ses-007_task-figures02_run-1,/home/lawrence/Desktop/algonauts-2025/algonauts2025/download/algonauts_2025.competitors/stimuli/transcripts/movie10/figures/movie10_figures02.tsv,ok
ses-007_task-figures03_run-1,/home/lawrence/Desktop/algonauts-2025/algonauts2025/download/algonauts_2025.competitors/stimuli/transcripts/movie10/figures/movie10_figures03.tsv,ok
ses-007_task-life03_run-1,/home/lawrence/Desktop/algonauts-2025/algonauts2025/download/algonauts_2025.competitors/stimuli/transcripts/movie10/life/movie10_life03.tsv,ok
ses-007_task-life04_run-1,/home/lawrence/Desktop/algonauts-2025/algonauts2025/download/algonauts_2025.competitors/stimuli/transcripts/movie10/life/movie10_life04.tsv,ok
ses-007_task-life05_run-1,/home/lawrence/Desktop/algonauts-2025/algonauts2025/download/algonauts_2025.competitors/stimuli/transcripts/movie10/life/movie10_life05.tsv,ok
ses-007_task-s01e15a,/home/lawrence/Desktop/algonauts-2025/algonauts2025/download/algonauts_2025.competitors/stimuli/transcripts/friends/s1/friends_s01e15a.tsv,ok
ses-007_task-s01e15b,/home/lawrence/Desktop/algonauts-2025/algonauts2025/download/algonauts_2025.competitors/stimuli/transcripts/friends/s1/friends_s01e15b.tsv,ok
ses-007_task-s01e16a,/home/lawrence/Desktop/algonauts-2025/algonauts2025/download/algonauts_2025.competitors/stimuli/transcripts/friends/s1/friends_s01e16a.tsv,ok
ses-007_task-s01e16b,/home/lawrence/Desktop/algonauts-2025/algonauts2025/download/algonauts_2025.competitors/stimuli/transcripts/friends/s1/friends_s01e16b.tsv,ok
ses-007_task-s01e17a,/home/lawrence/Desktop/algonauts-2025/algonauts2025/download/algonauts_2025.competitors/stimuli/transcripts/friends/s1/friends_s01e17a.tsv,ok
ses-007_task-s01e17b,/home/lawrence/Desktop/algonauts-2025/algonauts2025/download/algonauts_2025.competitors/stimuli/transcripts/friends/s1/friends_s01e17b.tsv,ok
ses-008_task-figures05_run-1,/home/lawrence/Desktop/algonauts-2025/algonauts2025/download/algonauts_2025.competitors/stimuli/transcripts/movie10/figures/movie10_figures05.tsv,ok
ses-008_task-figures06_run-1,/home/lawrence/Desktop/algonauts-2025/algonauts2025/download/algonauts_2025.competitors/stimuli/transcripts/movie10/figures/movie10_figures06.tsv,ok
ses-008_task-figures07_run-1,/home/lawrence/Desktop/algonauts-2025/algonauts2025/download/algonauts_2025.competitors/stimuli/transcripts/movie10/figures/movie10_figures07.tsv,ok
ses-008_task-figures08_run-1,/home/lawrence/Desktop/algonauts-2025/algonauts2025/download/algonauts_2025.competitors/stimuli/transcripts/movie10/figures/movie10_figures08.tsv,ok
ses-008_task-figures09_run-1,/home/lawrence/Desktop/algonauts-2025/algonauts2025/download/algonauts_2025.competitors/stimuli/transcripts/movie10/figures/movie10_figures09.tsv,ok
ses-008_task-s01e18a,/home/lawrence/Desktop/algonauts-2025/algonauts2025/download/algonauts_2025.competitors/stimuli/transcripts/friends/s1/friends_s01e18a.tsv,ok
ses-008_task-s01e18b,/home/lawrence/Desktop/algonauts-2025/algonauts2025/download/algonauts_2025.competitors/stimuli/transcripts/friends/s1/friends_s01e18b.tsv,ok
ses-008_task-s01e19a,/home/lawrence/Desktop/algonauts-2025/algonauts2025/download/algonauts_2025.competitors/stimuli/transcripts/friends/s1/friends_s01e19a.tsv,ok
ses-008_task-s01e19b,/home/lawrence/Desktop/algonauts-2025/algonauts2025/download/algonauts_2025.competitors/stimuli/transcripts/friends/s1/friends_s01e19b.tsv,ok
ses-009_task-figures04_run-1,/home/lawrence/Desktop/algonauts-2025/algonauts2025/download/algonauts_2025.competitors/stimuli/transcripts/movie10/figures/movie10_figures04.tsv,ok
ses-009_task-figures10_run-1,/home/lawrence/Desktop/algonauts-2025/algonauts2025/download/algonauts_2025.competitors/stimuli/transcripts/movie10/figures/movie10_figures10.tsv,ok
ses-009_task-figures11_run-1,/home/lawrence/Desktop/algonauts-2025/algonauts2025/download/algonauts_2025.competitors/stimuli/transcripts/movie10/figures/movie10_figures11.tsv,ok
ses-009_task-figures12_run-1,/home/lawrence/Desktop/algonauts-2025/algonauts2025/download/algonauts_2025.competitors/stimuli/transcripts/movie10/figures/movie10_figures12.tsv,ok
ses-009_task-life01_run-2,/home/lawrence/Desktop/algonauts-2025/algonauts2025/download/algonauts_2025.competitors/stimuli/transcripts/movie10/life/movie10_life01.tsv,ok
ses-009_task-life02_run-2,/home/lawrence/Desktop/algonauts-2025/algonauts2025/download/algonauts_2025.competitors/stimuli/transcripts/movie10/life/movie10_life02.tsv,ok
ses-009_task-s01e20a,/home/lawrence/Desktop/algonauts-2025/algonauts2025/download/algonauts_2025.competitors/stimuli/transcripts/friends/s1/friends_s01e20a.tsv,ok
ses-009_task-s01e20b,/home/lawrence/Desktop/algonauts-2025/algonauts2025/download/algonauts_2025.competitors/stimuli/transcripts/friends/s1/friends_s01e20b.tsv,ok
ses-009_task-s01e21a,/home/lawrence/Desktop/algonauts-2025/algonauts2025/download/algonauts_2025.competitors/stimuli/transcripts/friends/s1/friends_s01e21a.tsv,ok
ses-009_task-s01e21b,/home/lawrence/Desktop/algonauts-2025/algonauts2025/download/algonauts_2025.competitors/stimuli/transcripts/friends/s1/friends_s01e21b.tsv,ok
ses-009_task-s01e22a,/home/lawrence/Desktop/algonauts-2025/algonauts2025/download/algonauts_2025.competitors/stimuli/transcripts/friends/s1/friends_s01e22a.tsv,ok
ses-009_task-s01e22b,/home/lawrence/Desktop/algonauts-2025/algonauts2025/download/algonauts_2025.competitors/stimuli/transcripts/friends/s1/friends_s01e22b.tsv,ok
ses-010_task-life03_run-2,/home/lawrence/Desktop/algonauts-2025/algonauts2025/download/algonauts_2025.competitors/stimuli/transcripts/movie10/life/movie10_life03.tsv,ok
ses-010_task-life04_run-2,/home/lawrence/Desktop/algonauts-2025/algonauts2025/download/algonauts_2025.competitors/stimuli/transcripts/movie10/life/movie10_life04.tsv,ok
ses-010_task-life05_run-2,/home/lawrence/Desktop/algonauts-2025/algonauts2025/download/algonauts_2025.competitors/stimuli/transcripts/movie10/life/movie10_life05.tsv,ok
ses-010_task-s01e23a,/home/lawrence/Desktop/algonauts-2025/algonauts2025/download/algonauts_2025.competitors/stimuli/transcripts/friends/s1/friends_s01e23a.tsv,ok
ses-010_task-s01e23b,/home/lawrence/Desktop/algonauts-2025/algonauts2025/download/algonauts_2025.competitors/stimuli/transcripts/friends/s1/friends_s01e23b.tsv,ok
ses-010_task-s01e24a,/home/lawrence/Desktop/algonauts-2025/algonauts2025/download/algonauts_2025.competitors/stimuli/transcripts/friends/s1/friends_s01e24a.tsv,ok
ses-010_task-s01e24b,/home/lawrence/Desktop/algonauts-2025/algonauts2025/download/algonauts_2025.competitors/stimuli/transcripts/friends/s1/friends_s01e24b.tsv,ok
ses-010_task-s02e01a,/home/lawrence/Desktop/algonauts-2025/algonauts2025/download/algonauts_2025.competitors/stimuli/transcripts/friends/s2/friends_s02e01a.tsv,ok
ses-010_task-s02e01b,/home/lawrence/Desktop/algonauts-2025/algonauts2025/download/algonauts_2025.competitors/stimuli/transcripts/friends/s2/friends_s02e01b.tsv,ok
ses-011_task-figures01_run-2,/home/lawrence/Desktop/algonauts-2025/algonauts2025/download/algonauts_2025.competitors/stimuli/transcripts/movie10/figures/movie10_figures01.tsv,ok
ses-011_task-figures02_run-2,/home/lawrence/Desktop/algonauts-2025/algonauts2025/download/algonauts_2025.competitors/stimuli/transcripts/movie10/figures/movie10_figures02.tsv,ok
ses-011_task-figures03_run-2,/home/lawrence/Desktop/algonauts-2025/algonauts2025/download/algonauts_2025.competitors/stimuli/transcripts/movie10/figures/movie10_figures03.tsv,ok
ses-011_task-figures04_run-2,/home/lawrence/Desktop/algonauts-2025/algonauts2025/download/algonauts_2025.competitors/stimuli/transcripts/movie10/figures/movie10_figures04.tsv,ok
ses-011_task-s02e02a,/home/lawrence/Desktop/algonauts-2025/algonauts2025/download/algonauts_2025.competitors/stimuli/transcripts/friends/s2/friends_s02e02a.tsv,ok
ses-011_task-s02e02b,/home/lawrence/Desktop/algonauts-2025/algonauts2025/download/algonauts_2025.competitors/stimuli/transcripts/friends/s2/friends_s02e02b.tsv,ok
ses-011_task-s02e03a,/home/lawrence/Desktop/algonauts-2025/algonauts2025/download/algonauts_2025.competitors/stimuli/transcripts/friends/s2/friends_s02e03a.tsv,ok
ses-011_task-s02e03b,/home/lawrence/Desktop/algonauts-2025/algonauts2025/download/algonauts_2025.competitors/stimuli/transcripts/friends/s2/friends_s02e03b.tsv,ok
ses-011_task-s02e04a,/home/lawrence/Desktop/algonauts-2025/algonauts2025/download/algonauts_2025.competitors/stimuli/transcripts/friends/s2/friends_s02e04a.tsv,ok
ses-011_task-s02e04b,/home/lawrence/Desktop/algonauts-2025/algonauts2025/download/algonauts_2025.competitors/stimuli/transcripts/friends/s2/friends_s02e04b.tsv,ok
ses-011_task-s02e05a,/home/lawrence/Desktop/algonauts-2025/algonauts2025/download/algonauts_2025.competitors/stimuli/transcripts/friends/s2/friends_s02e05a.tsv,ok
ses-011_task-s02e05b,/home/lawrence/Desktop/algonauts-2025/algonauts2025/download/algonauts_2025.competitors/stimuli/transcripts/friends/s2/friends_s02e05b.tsv,ok
ses-012_task-figures05_run-2,/home/lawrence/Desktop/algonauts-2025/algonauts2025/download/algonauts_2025.competitors/stimuli/transcripts/movie10/figures/movie10_figures05.tsv,ok
ses-012_task-figures06_run-2,/home/lawrence/Desktop/algonauts-2025/algonauts2025/download/algonauts_2025.competitors/stimuli/transcripts/movie10/figures/movie10_figures06.tsv,ok
ses-012_task-figures07_run-2,/home/lawrence/Desktop/algonauts-2025/algonauts2025/download/algonauts_2025.competitors/stimuli/transcripts/movie10/figures/movie10_figures07.tsv,ok
ses-012_task-figures08_run-2,/home/lawrence/Desktop/algonauts-2025/algonauts2025/download/algonauts_2025.competitors/stimuli/transcripts/movie10/figures/movie10_figures08.tsv,ok
ses-012_task-figures09_run-2,/home/lawrence/Desktop/algonauts-2025/algonauts2025/download/algonauts_2025.competitors/stimuli/transcripts/movie10/figures/movie10_figures09.tsv,ok
ses-012_task-figures10_run-2,/home/lawrence/Desktop/algonauts-2025/algonauts2025/download/algonauts_2025.competitors/stimuli/transcripts/movie10/figures/movie10_figures10.tsv,ok
ses-012_task-figures11_run-2,/home/lawrence/Desktop/algonauts-2025/algonauts2025/download/algonauts_2025.competitors/stimuli/transcripts/movie10/figures/movie10_figures11.tsv,ok
ses-012_task-figures12_run-2,/home/lawrence/Desktop/algonauts-2025/algonauts2025/download/algonauts_2025.competitors/stimuli/transcripts/movie10/figures/movie10_figures12.tsv,ok
ses-012_task-s02e06a,/home/lawrence/Desktop/algonauts-2025/algonauts2025/download/algonauts_2025.competitors/stimuli/transcripts/friends/s2/friends_s02e06a.tsv,ok
ses-012_task-s02e06b,/home/lawrence/Desktop/algonauts-2025/algonauts2025/download/algonauts_2025.competitors/stimuli/transcripts/friends/s2/friends_s02e06b.tsv,ok
ses-012_task-s02e07a,/home/lawrence/Desktop/algonauts-2025/algonauts2025/download/algonauts_2025.competitors/stimuli/transcripts/friends/s2/friends_s02e07a.tsv,ok
ses-012_task-s02e07b,/home/lawrence/Desktop/algonauts-2025/algonauts2025/download/algonauts_2025.competitors/stimuli/transcripts/friends/s2/friends_s02e07b.tsv,ok
ses-013_task-s02e08a,/home/lawrence/Desktop/algonauts-2025/algonauts2025/download/algonauts_2025.competitors/stimuli/transcripts/friends/s2/friends_s02e08a.tsv,ok
ses-013_task-s02e08b,/home/lawrence/Desktop/algonauts-2025/algonauts2025/download/algonauts_2025.competitors/stimuli/transcripts/friends/s2/friends_s02e08b.tsv,ok
ses-013_task-s02e09a,/home/lawrence/Desktop/algonauts-2025/algonauts2025/download/algonauts_2025.competitors/stimuli/transcripts/friends/s2/friends_s02e09a.tsv,ok
ses-013_task-s02e09b,/home/lawrence/Desktop/algonauts-2025/algonauts2025/download/algonauts_2025.competitors/stimuli/transcripts/friends/s2/friends_s02e09b.tsv,ok
ses-013_task-s02e10a,/home/lawrence/Desktop/algonauts-2025/algonauts2025/download/algonauts_2025.competitors/stimuli/transcripts/friends/s2/friends_s02e10a.tsv,ok
ses-013_task-s02e10b,/home/lawrence/Desktop/algonauts-2025/algonauts2025/download/algonauts_2025.competitors/stimuli/transcripts/friends/s2/friends_s02e10b.tsv,ok
ses-014_task-s02e11a,/home/lawrence/Desktop/algonauts-2025/algonauts2025/download/algonauts_2025.competitors/stimuli/transcripts/friends/s2/friends_s02e11a.tsv,ok
ses-014_task-s02e11b,/home/lawrence/Desktop/algonauts-2025/algonauts2025/download/algonauts_2025.competitors/stimuli/transcripts/friends/s2/friends_s02e11b.tsv,ok
ses-014_task-s02e12a,/home/lawrence/Desktop/algonauts-2025/algonauts2025/download/algonauts_2025.competitors/stimuli/transcripts/friends/s2/friends_s02e12a.tsv,ok
ses-014_task-s02e12b,/home/lawrence/Desktop/algonauts-2025/algonauts2025/download/algonauts_2025.competitors/stimuli/transcripts/friends/s2/friends_s02e12b.tsv,ok
ses-014_task-s02e13a,/home/lawrence/Desktop/algonauts-2025/algonauts2025/download/algonauts_2025.competitors/stimuli/transcripts/friends/s2/friends_s02e13a.tsv,ok
ses-014_task-s02e13b,/home/lawrence/Desktop/algonauts-2025/algonauts2025/download/algonauts_2025.competitors/stimuli/transcripts/friends/s2/friends_s02e13b.tsv,ok
ses-015_task-s02e14a,/home/lawrence/Desktop/algonauts-2025/algonauts2025/download/algonauts_2025.competitors/stimuli/transcripts/friends/s2/friends_s02e14a.tsv,ok
ses-015_task-s02e14b,/home/lawrence/Desktop/algonauts-2025/algonauts2025/download/algonauts_2025.competitors/stimuli/transcripts/friends/s2/friends_s02e14b.tsv,ok
ses-015_task-s02e15a,/home/lawrence/Desktop/algonauts-2025/algonauts2025/download/algonauts_2025.competitors/stimuli/transcripts/friends/s2/friends_s02e15a.tsv,ok
ses-015_task-s02e15b,/home/lawrence/Desktop/algonauts-2025/algonauts2025/download/algonauts_2025.competitors/stimuli/transcripts/friends/s2/friends_s02e15b.tsv,ok
ses-016_task-s02e16a,/home/lawrence/Desktop/algonauts-2025/algonauts2025/download/algonauts_2025.competitors/stimuli/transcripts/friends/s2/friends_s02e16a.tsv,ok
ses-016_task-s02e16b,/home/lawrence/Desktop/algonauts-2025/algonauts2025/download/algonauts_2025.competitors/stimuli/transcripts/friends/s2/friends_s02e16b.tsv,ok
ses-016_task-s02e17a,/home/lawrence/Desktop/algonauts-2025/algonauts2025/download/algonauts_2025.competitors/stimuli/transcripts/friends/s2/friends_s02e17a.tsv,ok
ses-016_task-s02e17b,/home/lawrence/Desktop/algonauts-2025/algonauts2025/download/algonauts_2025.competitors/stimuli/transcripts/friends/s2/friends_s02e17b.tsv,ok
ses-017_task-s02e18a,/home/lawrence/Desktop/algonauts-2025/algonauts2025/download/algonauts_2025.competitors/stimuli/transcripts/friends/s2/friends_s02e18a.tsv,ok
ses-017_task-s02e18b,/home/lawrence/Desktop/algonauts-2025/algonauts2025/download/algonauts_2025.competitors/stimuli/transcripts/friends/s2/friends_s02e18b.tsv,ok
ses-017_task-s02e19a,/home/lawrence/Desktop/algonauts-2025/algonauts2025/download/algonauts_2025.competitors/stimuli/transcripts/friends/s2/friends_s02e19a.tsv,ok
ses-017_task-s02e19b,/home/lawrence/Desktop/algonauts-2025/algonauts2025/download/algonauts_2025.competitors/stimuli/transcripts/friends/s2/friends_s02e19b.tsv,ok
ses-017_task-s02e20a,/home/lawrence/Desktop/algonauts-2025/algonauts2025/download/algonauts_2025.competitors/stimuli/transcripts/friends/s2/friends_s02e20a.tsv,ok
ses-017_task-s02e20b,/home/lawrence/Desktop/algonauts-2025/algonauts2025/download/algonauts_2025.competitors/stimuli/transcripts/friends/s2/friends_s02e20b.tsv,ok
ses-017_task-s02e21a,/home/lawrence/Desktop/algonauts-2025/algonauts2025/download/algonauts_2025.competitors/stimuli/transcripts/friends/s2/friends_s02e21a.tsv,ok
ses-017_task-s02e21b,/home/lawrence/Desktop/algonauts-2025/algonauts2025/download/algonauts_2025.competitors/stimuli/transcripts/friends/s2/friends_s02e21b.tsv,ok
ses-017_task-s02e22a,/home/lawrence/Desktop/algonauts-2025/algonauts2025/download/algonauts_2025.competitors/stimuli/transcripts/friends/s2/friends_s02e22a.tsv,ok
ses-017_task-s02e22b,/home/lawrence/Desktop/algonauts-2025/algonauts2025/download/algonauts_2025.competitors/stimuli/transcripts/friends/s2/friends_s02e22b.tsv,ok
ses-018_task-s02e23a,/home/lawrence/Desktop/algonauts-2025/algonauts2025/download/algonauts_2025.competitors/stimuli/transcripts/friends/s2/friends_s02e23a.tsv,ok
ses-018_task-s02e23b,/home/lawrence/Desktop/algonauts-2025/algonauts2025/download/algonauts_2025.competitors/stimuli/transcripts/friends/s2/friends_s02e23b.tsv,ok
ses-018_task-s02e24a,/home/lawrence/Desktop/algonauts-2025/algonauts2025/download/algonauts_2025.competitors/stimuli/transcripts/friends/s2/friends_s02e24a.tsv,ok
ses-018_task-s02e24b,/home/lawrence/Desktop/algonauts-2025/algonauts2025/download/algonauts_2025.competitors/stimuli/transcripts/friends/s2/friends_s02e24b.tsv,ok
ses-019_task-s03e01a,/home/lawrence/Desktop/algonauts-2025/algonauts2025/download/algonauts_2025.competitors/stimuli/transcripts/friends/s3/friends_s03e01a.tsv,ok
ses-019_task-s03e01b,/home/lawrence/Desktop/algonauts-2025/algonauts2025/download/algonauts_2025.competitors/stimuli/transcripts/friends/s3/friends_s03e01b.tsv,ok
ses-019_task-s03e02a,/home/lawrence/Desktop/algonauts-2025/algonauts2025/download/algonauts_2025.competitors/stimuli/transcripts/friends/s3/friends_s03e02a.tsv,ok
ses-019_task-s03e02b,/home/lawrence/Desktop/algonauts-2025/algonauts2025/download/algonauts_2025.competitors/stimuli/transcripts/friends/s3/friends_s03e02b.tsv,ok
ses-019_task-s03e03a,/home/lawrence/Desktop/algonauts-2025/algonauts2025/download/algonauts_2025.competitors/stimuli/transcripts/friends/s3/friends_s03e03a.tsv,ok
ses-019_task-s03e03b,/home/lawrence/Desktop/algonauts-2025/algonauts2025/download/algonauts_2025.competitors/stimuli/transcripts/friends/s3/friends_s03e03b.tsv,ok
ses-020_task-s03e04a,/home/lawrence/Desktop/algonauts-2025/algonauts2025/download/algonauts_2025.competitors/stimuli/transcripts/friends/s3/friends_s03e04a.tsv,ok
ses-020_task-s03e04b,/home/lawrence/Desktop/algonauts-2025/algonauts2025/download/algonauts_2025.competitors/stimuli/transcripts/friends/s3/friends_s03e04b.tsv,ok
ses-020_task-s03e05a,/home/lawrence/Desktop/algonauts-2025/algonauts2025/download/algonauts_2025.competitors/stimuli/transcripts/friends/s3/friends_s03e05a.tsv,ok
ses-020_task-s03e05b,/home/lawrence/Desktop/algonauts-2025/algonauts2025/download/algonauts_2025.competitors/stimuli/transcripts/friends/s3/friends_s03e05b.tsv,ok
ses-020_task-s03e06a,/home/lawrence/Desktop/algonauts-2025/algonauts2025/download/algonauts_2025.competitors/stimuli/transcripts/friends/s3/friends_s03e06a.tsv,ok
ses-020_task-s03e06b,/home/lawrence/Desktop/algonauts-2025/algonauts2025/download/algonauts_2025.competitors/stimuli/transcripts/friends/s3/friends_s03e06b.tsv,ok
ses-021_task-s03e07a,/home/lawrence/Desktop/algonauts-2025/algonauts2025/download/algonauts_2025.competitors/stimuli/transcripts/friends/s3/friends_s03e07a.tsv,ok
ses-021_task-s03e07b,/home/lawrence/Desktop/algonauts-2025/algonauts2025/download/algonauts_2025.competitors/stimuli/transcripts/friends/s3/friends_s03e07b.tsv,ok
ses-021_task-s03e08a,/home/lawrence/Desktop/algonauts-2025/algonauts2025/download/algonauts_2025.competitors/stimuli/transcripts/friends/s3/friends_s03e08a.tsv,ok
ses-021_task-s03e08b,/home/lawrence/Desktop/algonauts-2025/algonauts2025/download/algonauts_2025.competitors/stimuli/transcripts/friends/s3/friends_s03e08b.tsv,ok
ses-021_task-s03e09a,/home/lawrence/Desktop/algonauts-2025/algonauts2025/download/algonauts_2025.competitors/stimuli/transcripts/friends/s3/friends_s03e09a.tsv,ok
ses-021_task-s03e09b,/home/lawrence/Desktop/algonauts-2025/algonauts2025/download/algonauts_2025.competitors/stimuli/transcripts/friends/s3/friends_s03e09b.tsv,ok
ses-022_task-s03e10a,/home/lawrence/Desktop/algonauts-2025/algonauts2025/download/algonauts_2025.competitors/stimuli/transcripts/friends/s3/friends_s03e10a.tsv,ok
ses-022_task-s03e10b,/home/lawrence/Desktop/algonauts-2025/algonauts2025/download/algonauts_2025.competitors/stimuli/transcripts/friends/s3/friends_s03e10b.tsv,ok
ses-022_task-s03e11a,/home/lawrence/Desktop/algonauts-2025/algonauts2025/download/algonauts_2025.competitors/stimuli/transcripts/friends/s3/friends_s03e11a.tsv,ok
ses-022_task-s03e11b,/home/lawrence/Desktop/algonauts-2025/algonauts2025/download/algonauts_2025.competitors/stimuli/transcripts/friends/s3/friends_s03e11b.tsv,ok
ses-022_task-s03e12a,/home/lawrence/Desktop/algonauts-2025/algonauts2025/download/algonauts_2025.competitors/stimuli/transcripts/friends/s3/friends_s03e12a.tsv,ok
ses-022_task-s03e12b,/home/lawrence/Desktop/algonauts-2025/algonauts2025/download/algonauts_2025.competitors/stimuli/transcripts/friends/s3/friends_s03e12b.tsv,ok
ses-023_task-s03e13a,/home/lawrence/Desktop/algonauts-2025/algonauts2025/download/algonauts_2025.competitors/stimuli/transcripts/friends/s3/friends_s03e13a.tsv,ok
ses-023_task-s03e13b,/home/lawrence/Desktop/algonauts-2025/algonauts2025/download/algonauts_2025.competitors/stimuli/transcripts/friends/s3/friends_s03e13b.tsv,ok
ses-023_task-s03e14a,/home/lawrence/Desktop/algonauts-2025/algonauts2025/download/algonauts_2025.competitors/stimuli/transcripts/friends/s3/friends_s03e14a.tsv,ok
ses-023_task-s03e14b,/home/lawrence/Desktop/algonauts-2025/algonauts2025/download/algonauts_2025.competitors/stimuli/transcripts/friends/s3/friends_s03e14b.tsv,ok
ses-024_task-s03e15a,/home/lawrence/Desktop/algonauts-2025/algonauts2025/download/algonauts_2025.competitors/stimuli/transcripts/friends/s3/friends_s03e15a.tsv,ok
ses-024_task-s03e15b,/home/lawrence/Desktop/algonauts-2025/algonauts2025/download/algonauts_2025.competitors/stimuli/transcripts/friends/s3/friends_s03e15b.tsv,ok
ses-024_task-s03e16a,/home/lawrence/Desktop/algonauts-2025/algonauts2025/download/algonauts_2025.competitors/stimuli/transcripts/friends/s3/friends_s03e16a.tsv,ok
ses-024_task-s03e16b,/home/lawrence/Desktop/algonauts-2025/algonauts2025/download/algonauts_2025.competitors/stimuli/transcripts/friends/s3/friends_s03e16b.tsv,ok
ses-024_task-s03e17a,/home/lawrence/Desktop/algonauts-2025/algonauts2025/download/algonauts_2025.competitors/stimuli/transcripts/friends/s3/friends_s03e17a.tsv,ok
ses-024_task-s03e17b,/home/lawrence/Desktop/algonauts-2025/algonauts2025/download/algonauts_2025.competitors/stimuli/transcripts/friends/s3/friends_s03e17b.tsv,ok
ses-025_task-s03e18a,/home/lawrence/Desktop/algonauts-2025/algonauts2025/download/algonauts_2025.competitors/stimuli/transcripts/friends/s3/friends_s03e18a.tsv,ok
ses-025_task-s03e18b,/home/lawrence/Desktop/algonauts-2025/algonauts2025/download/algonauts_2025.competitors/stimuli/transcripts/friends/s3/friends_s03e18b.tsv,ok
ses-025_task-s03e19a,/home/lawrence/Desktop/algonauts-2025/algonauts2025/download/algonauts_2025.competitors/stimuli/transcripts/friends/s3/friends_s03e19a.tsv,ok
ses-025_task-s03e19b,/home/lawrence/Desktop/algonauts-2025/algonauts2025/download/algonauts_2025.competitors/stimuli/transcripts/friends/s3/friends_s03e19b.tsv,ok
ses-025_task-s03e20a,/home/lawrence/Desktop/algonauts-2025/algonauts2025/download/algonauts_2025.competitors/stimuli/transcripts/friends/s3/friends_s03e20a.tsv,ok
ses-025_task-s03e20b,/home/lawrence/Desktop/algonauts-2025/algonauts2025/download/algonauts_2025.competitors/stimuli/transcripts/friends/s3/friends_s03e20b.tsv,ok
ses-026_task-s03e21a,/home/lawrence/Desktop/algonauts-2025/algonauts2025/download/algonauts_2025.competitors/stimuli/transcripts/friends/s3/friends_s03e21a.tsv,ok
ses-026_task-s03e21b,/home/lawrence/Desktop/algonauts-2025/algonauts2025/download/algonauts_2025.competitors/stimuli/transcripts/friends/s3/friends_s03e21b.tsv,ok
ses-026_task-s03e22a,/home/lawrence/Desktop/algonauts-2025/algonauts2025/download/algonauts_2025.competitors/stimuli/transcripts/friends/s3/friends_s03e22a.tsv,ok
ses-026_task-s03e22b,/home/lawrence/Desktop/algonauts-2025/algonauts2025/download/algonauts_2025.competitors/stimuli/transcripts/friends/s3/friends_s03e22b.tsv,ok
ses-027_task-s03e23a,/home/lawrence/Desktop/algonauts-2025/algonauts2025/download/algonauts_2025.competitors/stimuli/transcripts/friends/s3/friends_s03e23a.tsv,ok
ses-027_task-s03e23b,/home/lawrence/Desktop/algonauts-2025/algonauts2025/download/algonauts_2025.competitors/stimuli/transcripts/friends/s3/friends_s03e23b.tsv,ok
ses-027_task-s03e24a,/home/lawrence/Desktop/algonauts-2025/algonauts2025/download/algonauts_2025.competitors/stimuli/transcripts/friends/s3/friends_s03e24a.tsv,ok
ses-027_task-s03e24b,/home/lawrence/Desktop/algonauts-2025/algonauts2025/download/algonauts_2025.competitors/stimuli/transcripts/friends/s3/friends_s03e24b.tsv,ok
ses-027_task-s03e25a,/home/lawrence/Desktop/algonauts-2025/algonauts2025/download/algonauts_2025.competitors/stimuli/transcripts/friends/s3/friends_s03e25a.tsv,ok
ses-027_task-s03e25b,/home/lawrence/Desktop/algonauts-2025/algonauts2025/download/algonauts_2025.competitors/stimuli/transcripts/friends/s3/friends_s03e25b.tsv,ok
ses-027_task-s04e01a,/home/lawrence/Desktop/algonauts-2025/algonauts2025/download/algonauts_2025.competitors/stimuli/transcripts/friends/s4/friends_s04e01a.tsv,ok
ses-027_task-s04e01b,/home/lawrence/Desktop/algonauts-2025/algonauts2025/download/algonauts_2025.competitors/stimuli/transcripts/friends/s4/friends_s04e01b.tsv,ok
ses-027_task-s04e02a,/home/lawrence/Desktop/algonauts-2025/algonauts2025/download/algonauts_2025.competitors/stimuli/transcripts/friends/s4/friends_s04e02a.tsv,ok
ses-027_task-s04e02b,/home/lawrence/Desktop/algonauts-2025/algonauts2025/download/algonauts_2025.competitors/stimuli/transcripts/friends/s4/friends_s04e02b.tsv,ok
ses-028_task-s04e03a,/home/lawrence/Desktop/algonauts-2025/algonauts2025/download/algonauts_2025.competitors/stimuli/transcripts/friends/s4/friends_s04e03a.tsv,ok
ses-028_task-s04e03b,/home/lawrence/Desktop/algonauts-2025/algonauts2025/download/algonauts_2025.competitors/stimuli/transcripts/friends/s4/friends_s04e03b.tsv,ok
ses-028_task-s04e04a,/home/lawrence/Desktop/algonauts-2025/algonauts2025/download/algonauts_2025.competitors/stimuli/transcripts/friends/s4/friends_s04e04a.tsv,ok
ses-028_task-s04e04b,/home/lawrence/Desktop/algonauts-2025/algonauts2025/download/algonauts_2025.competitors/stimuli/transcripts/friends/s4/friends_s04e04b.tsv,ok
ses-028_task-s04e05a,/home/lawrence/Desktop/algonauts-2025/algonauts2025/download/algonauts_2025.competitors/stimuli/transcripts/friends/s4/friends_s04e05a.tsv,ok
ses-028_task-s04e05b,/home/lawrence/Desktop/algonauts-2025/algonauts2025/download/algonauts_2025.competitors/stimuli/transcripts/friends/s4/friends_s04e05b.tsv,ok
ses-028_task-s04e06a,/home/lawrence/Desktop/algonauts-2025/algonauts2025/download/algonauts_2025.competitors/stimuli/transcripts/friends/s4/friends_s04e06a.tsv,ok
ses-028_task-s04e06b,/home/lawrence/Desktop/algonauts-2025/algonauts2025/download/algonauts_2025.competitors/stimuli/transcripts/friends/s4/friends_s04e06b.tsv,ok
ses-028_task-s04e07a,/home/lawrence/Desktop/algonauts-2025/algonauts2025/download/algonauts_2025.competitors/stimuli/transcripts/friends/s4/friends_s04e07a.tsv,ok
ses-028_task-s04e07b,/home/lawrence/Desktop/algonauts-2025/algonauts2025/download/algonauts_2025.competitors/stimuli/transcripts/friends/s4/friends_s04e07b.tsv,ok
ses-029_task-s04e08a,/home/lawrence/Desktop/algonauts-2025/algonauts2025/download/algonauts_2025.competitors/stimuli/transcripts/friends/s4/friends_s04e08a.tsv,ok
ses-029_task-s04e08b,/home/lawrence/Desktop/algonauts-2025/algonauts2025/download/algonauts_2025.competitors/stimuli/transcripts/friends/s4/friends_s04e08b.tsv,ok
ses-029_task-s04e09a,/home/lawrence/Desktop/algonauts-2025/algonauts2025/download/algonauts_2025.competitors/stimuli/transcripts/friends/s4/friends_s04e09a.tsv,ok
ses-029_task-s04e09b,/home/lawrence/Desktop/algonauts-2025/algonauts2025/download/algonauts_2025.competitors/stimuli/transcripts/friends/s4/friends_s04e09b.tsv,ok
ses-029_task-s04e10a,/home/lawrence/Desktop/algonauts-2025/algonauts2025/download/algonauts_2025.competitors/stimuli/transcripts/friends/s4/friends_s04e10a.tsv,ok
ses-029_task-s04e10b,/home/lawrence/Desktop/algonauts-2025/algonauts2025/download/algonauts_2025.competitors/stimuli/transcripts/friends/s4/friends_s04e10b.tsv,ok
ses-029_task-s04e11a,/home/lawrence/Desktop/algonauts-2025/algonauts2025/download/algonauts_2025.competitors/stimuli/transcripts/friends/s4/friends_s04e11a.tsv,ok
ses-029_task-s04e11b,/home/lawrence/Desktop/algonauts-2025/algonauts2025/download/algonauts_2025.competitors/stimuli/transcripts/friends/s4/friends_s04e11b.tsv,ok
ses-030_task-s04e12a,/home/lawrence/Desktop/algonauts-2025/algonauts2025/download/algonauts_2025.competitors/stimuli/transcripts/friends/s4/friends_s04e12a.tsv,ok
ses-030_task-s04e12b,/home/lawrence/Desktop/algonauts-2025/algonauts2025/download/algonauts_2025.competitors/stimuli/transcripts/friends/s4/friends_s04e12b.tsv,ok
ses-030_task-s04e13a,/home/lawrence/Desktop/algonauts-2025/algonauts2025/download/algonauts_2025.competitors/stimuli/transcripts/friends/s4/friends_s04e13a.tsv,ok
ses-030_task-s04e13b,/home/lawrence/Desktop/algonauts-2025/algonauts2025/download/algonauts_2025.competitors/stimuli/transcripts/friends/s4/friends_s04e13b.tsv,ok
ses-030_task-s04e14a,/home/lawrence/Desktop/algonauts-2025/algonauts2025/download/algonauts_2025.competitors/stimuli/transcripts/friends/s4/friends_s04e14a.tsv,ok
ses-030_task-s04e14b,/home/lawrence/Desktop/algonauts-2025/algonauts2025/download/algonauts_2025.competitors/stimuli/transcripts/friends/s4/friends_s04e14b.tsv,ok
ses-031_task-s04e15a,/home/lawrence/Desktop/algonauts-2025/algonauts2025/download/algonauts_2025.competitors/stimuli/transcripts/friends/s4/friends_s04e15a.tsv,ok
ses-031_task-s04e15b,/home/lawrence/Desktop/algonauts-2025/algonauts2025/download/algonauts_2025.competitors/stimuli/transcripts/friends/s4/friends_s04e15b.tsv,ok
ses-031_task-s04e16a,/home/lawrence/Desktop/algonauts-2025/algonauts2025/download/algonauts_2025.competitors/stimuli/transcripts/friends/s4/friends_s04e16a.tsv,ok
ses-031_task-s04e16b,/home/lawrence/Desktop/algonauts-2025/algonauts2025/download/algonauts_2025.competitors/stimuli/transcripts/friends/s4/friends_s04e16b.tsv,ok
ses-031_task-s04e17a,/home/lawrence/Desktop/algonauts-2025/algonauts2025/download/algonauts_2025.competitors/stimuli/transcripts/friends/s4/friends_s04e17a.tsv,ok
ses-031_task-s04e17b,/home/lawrence/Desktop/algonauts-2025/algonauts2025/download/algonauts_2025.competitors/stimuli/transcripts/friends/s4/friends_s04e17b.tsv,ok
ses-032_task-s04e18a,/home/lawrence/Desktop/algonauts-2025/algonauts2025/download/algonauts_2025.competitors/stimuli/transcripts/friends/s4/friends_s04e18a.tsv,ok
ses-032_task-s04e18b,/home/lawrence/Desktop/algonauts-2025/algonauts2025/download/algonauts_2025.competitors/stimuli/transcripts/friends/s4/friends_s04e18b.tsv,ok
ses-032_task-s04e19a,/home/lawrence/Desktop/algonauts-2025/algonauts2025/download/algonauts_2025.competitors/stimuli/transcripts/friends/s4/friends_s04e19a.tsv,ok
ses-032_task-s04e19b,/home/lawrence/Desktop/algonauts-2025/algonauts2025/download/algonauts_2025.competitors/stimuli/transcripts/friends/s4/friends_s04e19b.tsv,ok
ses-033_task-s04e20a,/home/lawrence/Desktop/algonauts-2025/algonauts2025/download/algonauts_2025.competitors/stimuli/transcripts/friends/s4/friends_s04e20a.tsv,ok
ses-033_task-s04e20b,/home/lawrence/Desktop/algonauts-2025/algonauts2025/download/algonauts_2025.competitors/stimuli/transcripts/friends/s4/friends_s04e20b.tsv,ok
ses-034_task-s04e21a,/home/lawrence/Desktop/algonauts-2025/algonauts2025/download/algonauts_2025.competitors/stimuli/transcripts/friends/s4/friends_s04e21a.tsv,ok
ses-034_task-s04e21b,/home/lawrence/Desktop/algonauts-2025/algonauts2025/download/algonauts_2025.competitors/stimuli/transcripts/friends/s4/friends_s04e21b.tsv,ok
ses-034_task-s04e22a,/home/lawrence/Desktop/algonauts-2025/algonauts2025/download/algonauts_2025.competitors/stimuli/transcripts/friends/s4/friends_s04e22a.tsv,ok
ses-034_task-s04e22b,/home/lawrence/Desktop/algonauts-2025/algonauts2025/download/algonauts_2025.competitors/stimuli/transcripts/friends/s4/friends_s04e22b.tsv,ok
ses-035_task-s04e23a,/home/lawrence/Desktop/algonauts-2025/algonauts2025/download/algonauts_2025.competitors/stimuli/transcripts/friends/s4/friends_s04e23a.tsv,ok
ses-035_task-s04e23b,/home/lawrence/Desktop/algonauts-2025/algonauts2025/download/algonauts_2025.competitors/stimuli/transcripts/friends/s4/friends_s04e23b.tsv,ok
ses-035_task-s04e23c,/home/lawrence/Desktop/algonauts-2025/algonauts2025/download/algonauts_2025.competitors/stimuli/transcripts/friends/s4/friends_s04e23c.tsv,ok
ses-035_task-s04e23d,/home/lawrence/Desktop/algonauts-2025/algonauts2025/download/algonauts_2025.competitors/stimuli/transcripts/friends/s4/friends_s04e23d.tsv,ok
ses-036_task-s05e01a,/home/lawrence/Desktop/algonauts-2025/algonauts2025/download/algonauts_2025.competitors/stimuli/transcripts/friends/s5/friends_s05e01a.tsv,ok
ses-036_task-s05e01b,/home/lawrence/Desktop/algonauts-2025/algonauts2025/download/algonauts_2025.competitors/stimuli/transcripts/friends/s5/friends_s05e01b.tsv,ok
ses-036_task-s05e02a,/home/lawrence/Desktop/algonauts-2025/algonauts2025/download/algonauts_2025.competitors/stimuli/transcripts/friends/s5/friends_s05e02a.tsv,ok
ses-036_task-s05e02b,/home/lawrence/Desktop/algonauts-2025/algonauts2025/download/algonauts_2025.competitors/stimuli/transcripts/friends/s5/friends_s05e02b.tsv,ok
ses-037_task-s05e03a,/home/lawrence/Desktop/algonauts-2025/algonauts2025/download/algonauts_2025.competitors/stimuli/transcripts/friends/s5/friends_s05e03a.tsv,ok
ses-037_task-s05e03b,/home/lawrence/Desktop/algonauts-2025/algonauts2025/download/algonauts_2025.competitors/stimuli/transcripts/friends/s5/friends_s05e03b.tsv,ok
ses-037_task-s05e04a,/home/lawrence/Desktop/algonauts-2025/algonauts2025/download/algonauts_2025.competitors/stimuli/transcripts/friends/s5/friends_s05e04a.tsv,ok
ses-037_task-s05e04b,/home/lawrence/Desktop/algonauts-2025/algonauts2025/download/algonauts_2025.competitors/stimuli/transcripts/friends/s5/friends_s05e04b.tsv,ok
ses-041_task-s05e05a,/home/lawrence/Desktop/algonauts-2025/algonauts2025/download/algonauts_2025.competitors/stimuli/transcripts/friends/s5/friends_s05e05a.tsv,ok
ses-041_task-s05e05b,/home/lawrence/Desktop/algonauts-2025/algonauts2025/download/algonauts_2025.competitors/stimuli/transcripts/friends/s5/friends_s05e05b.tsv,ok
ses-041_task-s05e06a,/home/lawrence/Desktop/algonauts-2025/algonauts2025/download/algonauts_2025.competitors/stimuli/transcripts/friends/s5/friends_s05e06a.tsv,ok
ses-041_task-s05e06b,/home/lawrence/Desktop/algonauts-2025/algonauts2025/download/algonauts_2025.competitors/stimuli/transcripts/friends/s5/friends_s05e06b.tsv,ok
ses-042_task-s05e07a,/home/lawrence/Desktop/algonauts-2025/algonauts2025/download/algonauts_2025.competitors/stimuli/transcripts/friends/s5/friends_s05e07a.tsv,ok
ses-042_task-s05e07b,/home/lawrence/Desktop/algonauts-2025/algonauts2025/download/algonauts_2025.competitors/stimuli/transcripts/friends/s5/friends_s05e07b.tsv,ok
ses-043_task-s05e08a,/home/lawrence/Desktop/algonauts-2025/algonauts2025/download/algonauts_2025.competitors/stimuli/transcripts/friends/s5/friends_s05e08a.tsv,ok
ses-043_task-s05e08b,/home/lawrence/Desktop/algonauts-2025/algonauts2025/download/algonauts_2025.competitors/stimuli/transcripts/friends/s5/friends_s05e08b.tsv,ok
ses-044_task-s05e09a,/home/lawrence/Desktop/algonauts-2025/algonauts2025/download/algonauts_2025.competitors/stimuli/transcripts/friends/s5/friends_s05e09a.tsv,ok
ses-044_task-s05e09b,/home/lawrence/Desktop/algonauts-2025/algonauts2025/download/algonauts_2025.competitors/stimuli/transcripts/friends/s5/friends_s05e09b.tsv,ok
ses-044_task-s05e10a,/home/lawrence/Desktop/algonauts-2025/algonauts2025/download/algonauts_2025.competitors/stimuli/transcripts/friends/s5/friends_s05e10a.tsv,ok
ses-044_task-s05e10b,/home/lawrence/Desktop/algonauts-2025/algonauts2025/download/algonauts_2025.competitors/stimuli/transcripts/friends/s5/friends_s05e10b.tsv,ok
ses-045_task-s05e11a,/home/lawrence/Desktop/algonauts-2025/algonauts2025/download/algonauts_2025.competitors/stimuli/transcripts/friends/s5/friends_s05e11a.tsv,ok
ses-045_task-s05e11b,/home/lawrence/Desktop/algonauts-2025/algonauts2025/download/algonauts_2025.competitors/stimuli/transcripts/friends/s5/friends_s05e11b.tsv,ok
ses-045_task-s05e12a,/home/lawrence/Desktop/algonauts-2025/algonauts2025/download/algonauts_2025.competitors/stimuli/transcripts/friends/s5/friends_s05e12a.tsv,ok
ses-045_task-s05e12b,/home/lawrence/Desktop/algonauts-2025/algonauts2025/download/algonauts_2025.competitors/stimuli/transcripts/friends/s5/friends_s05e12b.tsv,ok
ses-046_task-s05e13a,/home/lawrence/Desktop/algonauts-2025/algonauts2025/download/algonauts_2025.competitors/stimuli/transcripts/friends/s5/friends_s05e13a.tsv,ok
ses-046_task-s05e13b,/home/lawrence/Desktop/algonauts-2025/algonauts2025/download/algonauts_2025.competitors/stimuli/transcripts/friends/s5/friends_s05e13b.tsv,ok
ses-046_task-s05e14a,/home/lawrence/Desktop/algonauts-2025/algonauts2025/download/algonauts_2025.competitors/stimuli/transcripts/friends/s5/friends_s05e14a.tsv,ok
ses-046_task-s05e14b,/home/lawrence/Desktop/algonauts-2025/algonauts2025/download/algonauts_2025.competitors/stimuli/transcripts/friends/s5/friends_s05e14b.tsv,ok
ses-047_task-s05e15a,/home/lawrence/Desktop/algonauts-2025/algonauts2025/download/algonauts_2025.competitors/stimuli/transcripts/friends/s5/friends_s05e15a.tsv,ok
ses-047_task-s05e15b,/home/lawrence/Desktop/algonauts-2025/algonauts2025/download/algonauts_2025.competitors/stimuli/transcripts/friends/s5/friends_s05e15b.tsv,ok
ses-047_task-s05e16a,/home/lawrence/Desktop/algonauts-2025/algonauts2025/download/algonauts_2025.competitors/stimuli/transcripts/friends/s5/friends_s05e16a.tsv,ok
ses-047_task-s05e16b,/home/lawrence/Desktop/algonauts-2025/algonauts2025/download/algonauts_2025.competitors/stimuli/transcripts/friends/s5/friends_s05e16b.tsv,ok
ses-048_task-s05e17a,/home/lawrence/Desktop/algonauts-2025/algonauts2025/download/algonauts_2025.competitors/stimuli/transcripts/friends/s5/friends_s05e17a.tsv,ok
ses-048_task-s05e17b,/home/lawrence/Desktop/algonauts-2025/algonauts2025/download/algonauts_2025.competitors/stimuli/transcripts/friends/s5/friends_s05e17b.tsv,ok
ses-048_task-s05e18a,/home/lawrence/Desktop/algonauts-2025/algonauts2025/download/algonauts_2025.competitors/stimuli/transcripts/friends/s5/friends_s05e18a.tsv,ok
ses-048_task-s05e18b,/home/lawrence/Desktop/algonauts-2025/algonauts2025/download/algonauts_2025.competitors/stimuli/transcripts/friends/s5/friends_s05e18b.tsv,ok
ses-049_task-s05e19a,/home/lawrence/Desktop/algonauts-2025/algonauts2025/download/algonauts_2025.competitors/stimuli/transcripts/friends/s5/friends_s05e19a.tsv,ok
ses-049_task-s05e19b,/home/lawrence/Desktop/algonauts-2025/algonauts2025/download/algonauts_2025.competitors/stimuli/transcripts/friends/s5/friends_s05e19b.tsv,ok
ses-049_task-s05e20a,/home/lawrence/Desktop/algonauts-2025/algonauts2025/download/algonauts_2025.competitors/stimuli/transcripts/friends/s5/friends_s05e20a.tsv,ok
ses-049_task-s05e20b,/home/lawrence/Desktop/algonauts-2025/algonauts2025/download/algonauts_2025.competitors/stimuli/transcripts/friends/s5/friends_s05e20b.tsv,ok
ses-050_task-s05e21a,/home/lawrence/Desktop/algonauts-2025/algonauts2025/download/algonauts_2025.competitors/stimuli/transcripts/friends/s5/friends_s05e21a.tsv,ok
ses-050_task-s05e21b,/home/lawrence/Desktop/algonauts-2025/algonauts2025/download/algonauts_2025.competitors/stimuli/transcripts/friends/s5/friends_s05e21b.tsv,ok
ses-050_task-s05e22a,/home/lawrence/Desktop/algonauts-2025/algonauts2025/download/algonauts_2025.competitors/stimuli/transcripts/friends/s5/friends_s05e22a.tsv,ok
ses-050_task-s05e22b,/home/lawrence/Desktop/algonauts-2025/algonauts2025/download/algonauts_2025.competitors/stimuli/transcripts/friends/s5/friends_s05e22b.tsv,ok
ses-051_task-s05e23a,/home/lawrence/Desktop/algonauts-2025/algonauts2025/download/algonauts_2025.competitors/stimuli/transcripts/friends/s5/friends_s05e23a.tsv,ok
ses-051_task-s05e23b,/home/lawrence/Desktop/algonauts-2025/algonauts2025/download/algonauts_2025.competitors/stimuli/transcripts/friends/s5/friends_s05e23b.tsv,ok
ses-052_task-s05e23c,/home/lawrence/Desktop/algonauts-2025/algonauts2025/download/algonauts_2025.competitors/stimuli/transcripts/friends/s5/friends_s05e23c.tsv,ok
ses-052_task-s05e23d,/home/lawrence/Desktop/algonauts-2025/algonauts2025/download/algonauts_2025.competitors/stimuli/transcripts/friends/s5/friends_s05e23d.tsv,ok
ses-052_task-s06e01a,/home/lawrence/Desktop/algonauts-2025/algonauts2025/download/algonauts_2025.competitors/stimuli/transcripts/friends/s6/friends_s06e01a.tsv,ok
ses-052_task-s06e01b,/home/lawrence/Desktop/algonauts-2025/algonauts2025/download/algonauts_2025.competitors/stimuli/transcripts/friends/s6/friends_s06e01b.tsv,ok
ses-053_task-s06e02a,/home/lawrence/Desktop/algonauts-2025/algonauts2025/download/algonauts_2025.competitors/stimuli/transcripts/friends/s6/friends_s06e02a.tsv,ok
ses-053_task-s06e02b,/home/lawrence/Desktop/algonauts-2025/algonauts2025/download/algonauts_2025.competitors/stimuli/transcripts/friends/s6/friends_s06e02b.tsv,ok
ses-053_task-s06e03a,/home/lawrence/Desktop/algonauts-2025/algonauts2025/download/algonauts_2025.competitors/stimuli/transcripts/friends/s6/friends_s06e03a.tsv,ok
ses-053_task-s06e03b,/home/lawrence/Desktop/algonauts-2025/algonauts2025/download/algonauts_2025.competitors/stimuli/transcripts/friends/s6/friends_s06e03b.tsv,ok
ses-053_task-s06e04a,/home/lawrence/Desktop/algonauts-2025/algonauts2025/download/algonauts_2025.competitors/stimuli/transcripts/friends/s6/friends_s06e04a.tsv,ok
ses-054_task-s06e04b,/home/lawrence/Desktop/algonauts-2025/algonauts2025/download/algonauts_2025.competitors/stimuli/transcripts/friends/s6/friends_s06e04b.tsv,ok
ses-054_task-s06e05a,/home/lawrence/Desktop/algonauts-2025/algonauts2025/download/algonauts_2025.competitors/stimuli/transcripts/friends/s6/friends_s06e05a.tsv,ok
ses-054_task-s06e05b,/home/lawrence/Desktop/algonauts-2025/algonauts2025/download/algonauts_2025.competitors/stimuli/transcripts/friends/s6/friends_s06e05b.tsv,ok
ses-055_task-s06e06a,/home/lawrence/Desktop/algonauts-2025/algonauts2025/download/algonauts_2025.competitors/stimuli/transcripts/friends/s6/friends_s06e06a.tsv,ok
ses-055_task-s06e06b,/home/lawrence/Desktop/algonauts-2025/algonauts2025/download/algonauts_2025.competitors/stimuli/transcripts/friends/s6/friends_s06e06b.tsv,ok
ses-055_task-s06e07a,/home/lawrence/Desktop/algonauts-2025/algonauts2025/download/algonauts_2025.competitors/stimuli/transcripts/friends/s6/friends_s06e07a.tsv,ok
ses-055_task-s06e07b,/home/lawrence/Desktop/algonauts-2025/algonauts2025/download/algonauts_2025.competitors/stimuli/transcripts/friends/s6/friends_s06e07b.tsv,ok
ses-056_task-s06e08a,/home/lawrence/Desktop/algonauts-2025/algonauts2025/download/algonauts_2025.competitors/stimuli/transcripts/friends/s6/friends_s06e08a.tsv,ok
ses-056_task-s06e08b,/home/lawrence/Desktop/algonauts-2025/algonauts2025/download/algonauts_2025.competitors/stimuli/transcripts/friends/s6/friends_s06e08b.tsv,ok
ses-056_task-s06e09a,/home/lawrence/Desktop/algonauts-2025/algonauts2025/download/algonauts_2025.competitors/stimuli/transcripts/friends/s6/friends_s06e09a.tsv,ok
ses-056_task-s06e09b,/home/lawrence/Desktop/algonauts-2025/algonauts2025/download/algonauts_2025.competitors/stimuli/transcripts/friends/s6/friends_s06e09b.tsv,ok
ses-056_task-s06e10a,/home/lawrence/Desktop/algonauts-2025/algonauts2025/download/algonauts_2025.competitors/stimuli/transcripts/friends/s6/friends_s06e10a.tsv,ok
ses-057_task-s06e10b,/home/lawrence/Desktop/algonauts-2025/algonauts2025/download/algonauts_2025.competitors/stimuli/transcripts/friends/s6/friends_s06e10b.tsv,ok
ses-057_task-s06e11a,/home/lawrence/Desktop/algonauts-2025/algonauts2025/download/algonauts_2025.competitors/stimuli/transcripts/friends/s6/friends_s06e11a.tsv,ok
ses-057_task-s06e11b,/home/lawrence/Desktop/algonauts-2025/algonauts2025/download/algonauts_2025.competitors/stimuli/transcripts/friends/s6/friends_s06e11b.tsv,ok
ses-057_task-s06e12a,/home/lawrence/Desktop/algonauts-2025/algonauts2025/download/algonauts_2025.competitors/stimuli/transcripts/friends/s6/friends_s06e12a.tsv,ok
ses-057_task-s06e12b,/home/lawrence/Desktop/algonauts-2025/algonauts2025/download/algonauts_2025.competitors/stimuli/transcripts/friends/s6/friends_s06e12b.tsv,ok
ses-058_task-s06e13a,/home/lawrence/Desktop/algonauts-2025/algonauts2025/download/algonauts_2025.competitors/stimuli/transcripts/friends/s6/friends_s06e13a.tsv,ok
ses-058_task-s06e13b,/home/lawrence/Desktop/algonauts-2025/algonauts2025/download/algonauts_2025.competitors/stimuli/transcripts/friends/s6/friends_s06e13b.tsv,ok
ses-058_task-s06e14a,/home/lawrence/Desktop/algonauts-2025/algonauts2025/download/algonauts_2025.competitors/stimuli/transcripts/friends/s6/friends_s06e14a.tsv,ok
ses-058_task-s06e14b,/home/lawrence/Desktop/algonauts-2025/algonauts2025/download/algonauts_2025.competitors/stimuli/transcripts/friends/s6/friends_s06e14b.tsv,ok
ses-059_task-s06e15a,/home/lawrence/Desktop/algonauts-2025/algonauts2025/download/algonauts_2025.competitors/stimuli/transcripts/friends/s6/friends_s06e15a.tsv,ok
ses-060_task-s06e15b,/home/lawrence/Desktop/algonauts-2025/algonauts2025/download/algonauts_2025.competitors/stimuli/transcripts/friends/s6/friends_s06e15b.tsv,ok
ses-060_task-s06e15c,/home/lawrence/Desktop/algonauts-2025/algonauts2025/download/algonauts_2025.competitors/stimuli/transcripts/friends/s6/friends_s06e15c.tsv,ok
ses-061_task-s06e15d,/home/lawrence/Desktop/algonauts-2025/algonauts2025/download/algonauts_2025.competitors/stimuli/transcripts/friends/s6/friends_s06e15d.tsv,ok
ses-061_task-s06e17a,/home/lawrence/Desktop/algonauts-2025/algonauts2025/download/algonauts_2025.competitors/stimuli/transcripts/friends/s6/friends_s06e17a.tsv,ok
ses-061_task-s06e17b,/home/lawrence/Desktop/algonauts-2025/algonauts2025/download/algonauts_2025.competitors/stimuli/transcripts/friends/s6/friends_s06e17b.tsv,ok
ses-062_task-s06e18a,/home/lawrence/Desktop/algonauts-2025/algonauts2025/download/algonauts_2025.competitors/stimuli/transcripts/friends/s6/friends_s06e18a.tsv,ok
ses-062_task-s06e18b,/home/lawrence/Desktop/algonauts-2025/algonauts2025/download/algonauts_2025.competitors/stimuli/transcripts/friends/s6/friends_s06e18b.tsv,ok
ses-062_task-s06e19a,/home/lawrence/Desktop/algonauts-2025/algonauts2025/download/algonauts_2025.competitors/stimuli/transcripts/friends/s6/friends_s06e19a.tsv,ok
ses-062_task-s06e19b,/home/lawrence/Desktop/algonauts-2025/algonauts2025/download/algonauts_2025.competitors/stimuli/transcripts/friends/s6/friends_s06e19b.tsv,ok
ses-063_task-s06e20a,/home/lawrence/Desktop/algonauts-2025/algonauts2025/download/algonauts_2025.competitors/stimuli/transcripts/friends/s6/friends_s06e20a.tsv,ok
ses-063_task-s06e20b,/home/lawrence/Desktop/algonauts-2025/algonauts2025/download/algonauts_2025.competitors/stimuli/transcripts/friends/s6/friends_s06e20b.tsv,ok
ses-063_task-s06e21a,/home/lawrence/Desktop/algonauts-2025/algonauts2025/download/algonauts_2025.competitors/stimuli/transcripts/friends/s6/friends_s06e21a.tsv,ok
ses-064_task-s06e21b,/home/lawrence/Desktop/algonauts-2025/algonauts2025/download/algonauts_2025.competitors/stimuli/transcripts/friends/s6/friends_s06e21b.tsv,ok
ses-064_task-s06e22a,/home/lawrence/Desktop/algonauts-2025/algonauts2025/download/algonauts_2025.competitors/stimuli/transcripts/friends/s6/friends_s06e22a.tsv,ok
ses-064_task-s06e22b,/home/lawrence/Desktop/algonauts-2025/algonauts2025/download/algonauts_2025.competitors/stimuli/transcripts/friends/s6/friends_s06e22b.tsv,ok
ses-065_task-s06e23a,/home/lawrence/Desktop/algonauts-2025/algonauts2025/download/algonauts_2025.competitors/stimuli/transcripts/friends/s6/friends_s06e23a.tsv,ok
ses-065_task-s06e23b,/home/lawrence/Desktop/algonauts-2025/algonauts2025/download/algonauts_2025.competitors/stimuli/transcripts/friends/s6/friends_s06e23b.tsv,ok
ses-065_task-s06e24a,/home/lawrence/Desktop/algonauts-2025/algonauts2025/download/algonauts_2025.competitors/stimuli/transcripts/friends/s6/friends_s06e24a.tsv,ok
ses-066_task-s06e24b,/home/lawrence/Desktop/algonauts-2025/algonauts2025/download/algonauts_2025.competitors/stimuli/transcripts/friends/s6/friends_s06e24b.tsv,ok
ses-066_task-s06e24c,/home/lawrence/Desktop/algonauts-2025/algonauts2025/download/algonauts_2025.competitors/stimuli/transcripts/friends/s6/friends_s06e24c.tsv,ok
ses-066_task-s06e24d,/home/lawrence/Desktop/algonauts-2025/algonauts2025/download/algonauts_2025.competitors/stimuli/transcripts/friends/s6/friends_s06e24d.tsv,ok
