dataset	subject	onset	offset	word
ses-005_task-wolf15	sub-01	0.36	0.472	['Who
ses-005_task-wolf15	sub-01	0.472	0.632	told
ses-005_task-wolf15	sub-01	0.638	0.758	you
ses-005_task-wolf15	sub-01	0.774	1.07	that?
ses-005_task-wolf15	sub-01	1.15	1.382	"What's""""]"
ses-005_task-wolf15	sub-01	1.406	1.5659999999999998	['going
ses-005_task-wolf15	sub-01	1.598	1.766	on?
ses-005_task-wolf15	sub-01	1.798	1.966	He's
ses-005_task-wolf15	sub-01	1.998	2.166	doing
ses-005_task-wolf15	sub-01	2.198	2.846	it.']
ses-005_task-wolf15	sub-01	3.038	3.3179999999999996	['He
ses-005_task-wolf15	sub-01	3.334	3.5340000000000003	says
ses-005_task-wolf15	sub-01	3.582	3.806	Steve
ses-005_task-wolf15	sub-01	3.838	4.198	"Madden's""""]"
ses-005_task-wolf15	sub-01	4.214	4.766	unloading
ses-005_task-wolf15	sub-01	4.798	5.27	shares.
ses-005_task-wolf15	sub-01	5.39	5.646	Who
ses-005_task-wolf15	sub-01	5.678	5.846	told
ses-005_task-wolf15	sub-01	5.878	5.998	['you
ses-005_task-wolf15	sub-01	6.014	6.118	that?
ses-005_task-wolf15	sub-01	6.134	6.2620000000000005	It's
ses-005_task-wolf15	sub-01	6.286	6.901999999999999	bullshit.
ses-005_task-wolf15	sub-01	6.966	7.094	Give
ses-005_task-wolf15	sub-01	7.102	7.222	me
ses-005_task-wolf15	sub-01	7.246	7.3580000000000005	that']
ses-005_task-wolf15	sub-01	7.374	7.726	['goddamn phone.
ses-005_task-wolf15	sub-01	7.758	7.966	Don't
ses-005_task-wolf15	sub-01	7.998	8.166	just...']
ses-005_task-wolf15	sub-01	9.07	9.382	"[""""What's"
ses-005_task-wolf15	sub-01	9.406	9.566	going
ses-005_task-wolf15	sub-01	9.598	9.694	on?
ses-005_task-wolf15	sub-01	9.702	9.75	He
ses-005_task-wolf15	sub-01	9.75	9.862	doesn't
ses-005_task-wolf15	sub-01	9.886	9.998	know
ses-005_task-wolf15	sub-01	10.014	10.117999999999999	what
ses-005_task-wolf15	sub-01	10.134	10.238	"he's""""]"
ses-005_task-wolf15	sub-01	10.254	10.542	['fucking.
ses-005_task-wolf15	sub-01	10.606	10.798	Jordan
ses-005_task-wolf15	sub-01	10.814	10.998	
ses-005_task-wolf15	sub-01	11.014	11.478	Jordan
ses-005_task-wolf15	sub-01	11.614	11.91	
ses-005_task-wolf15	sub-01	11.95	12.181999999999999	watching
ses-005_task-wolf15	sub-01	12.206	12.366	the
ses-005_task-wolf15	sub-01	12.398	12.854	screen
ses-005_task-wolf15	sub-01	12.942	13.262	and
ses-005_task-wolf15	sub-01	13.326	13.774000000000001	huge
ses-005_task-wolf15	sub-01	13.862	14.182	chunks
ses-005_task-wolf15	sub-01	14.206	14.366	of
ses-005_task-wolf15	sub-01	14.398	14.606	Steve
ses-005_task-wolf15	sub-01	14.638	14.902	['Madden
ses-005_task-wolf15	sub-01	14.926	15.014	are
ses-005_task-wolf15	sub-01	15.022	15.166	being
ses-005_task-wolf15	sub-01	15.198	15.382	sold
ses-005_task-wolf15	sub-01	15.406	15.622	
ses-005_task-wolf15	sub-01	15.646	15.782	okay?
ses-005_task-wolf15	sub-01	15.806	15.989999999999998	It's
ses-005_task-wolf15	sub-01	16.03	16.206	not
ses-005_task-wolf15	sub-01	16.238	16.43	['from
ses-005_task-wolf15	sub-01	16.47	16.766	us.
ses-005_task-wolf15	sub-01	16.838	16.998	So
ses-005_task-wolf15	sub-01	17.014	17.142	it's
ses-005_task-wolf15	sub-01	17.166	17.358	gotta
ses-005_task-wolf15	sub-01	17.374	17.477999999999998	be
ses-005_task-wolf15	sub-01	17.494	17.774	Steve.']
ses-005_task-wolf15	sub-01	17.822	17.982	"[""""He's"
ses-005_task-wolf15	sub-01	18.006	18.166	the
ses-005_task-wolf15	sub-01	18.198	18.486	only
ses-005_task-wolf15	sub-01	18.558	18.79	person
ses-005_task-wolf15	sub-01	18.83	18.958	with
ses-005_task-wolf15	sub-01	18.974	19.126	that
ses-005_task-wolf15	sub-01	19.158	19.326	many']
ses-005_task-wolf15	sub-01	19.358	19.646	['shares.
ses-005_task-wolf15	sub-01	19.678	19.926000000000002	It's Donnie
ses-005_task-wolf15	sub-01	19.958	20.125999999999998	
ses-005_task-wolf15	sub-01	20.158	20.326	call
ses-005_task-wolf15	sub-01	20.358	20.574	me
ses-005_task-wolf15	sub-01	20.622	20.758	back
ses-005_task-wolf15	sub-01	20.774	20.95	right?
ses-005_task-wolf15	sub-01	20.99	21.47	Donnie,
ses-005_task-wolf15	sub-01	21.55	21.742	your
ses-005_task-wolf15	sub-01	21.766	21.926	little
ses-005_task-wolf15	sub-01	21.958	22.125999999999998	friend
ses-005_task-wolf15	sub-01	22.158	22.302	is
ses-005_task-wolf15	sub-01	22.326	22.438	trying
ses-005_task-wolf15	sub-01	22.454	22.582	to
ses-005_task-wolf15	sub-01	22.606	22.830000000000002	fuck
ses-005_task-wolf15	sub-01	22.87	23.022000000000002	me.
ses-005_task-wolf15	sub-01	23.046	23.157999999999998	You
ses-005_task-wolf15	sub-01	23.174	23.278	know
ses-005_task-wolf15	sub-01	23.294	23.47	that?
ses-005_task-wolf15	sub-01	23.51	23.662000000000003	Your
ses-005_task-wolf15	sub-01	23.686	23.822	little
ses-005_task-wolf15	sub-01	23.846	24.006	friend
ses-005_task-wolf15	sub-01	24.038	24.134	is
ses-005_task-wolf15	sub-01	24.142	24.238	trying
ses-005_task-wolf15	sub-01	24.254	24.358	to
ses-005_task-wolf15	sub-01	24.374	24.541999999999998	fuck
ses-005_task-wolf15	sub-01	24.566	24.701999999999998	me
ses-005_task-wolf15	sub-01	24.726	24.837999999999997	right
ses-005_task-wolf15	sub-01	24.854	24.91	in
ses-005_task-wolf15	sub-01	24.91	24.974	the
ses-005_task-wolf15	sub-01	24.982	25.15	ass.
ses-005_task-wolf15	sub-01	25.19	25.318	Get
ses-005_task-wolf15	sub-01	25.334	25.438	['him
ses-005_task-wolf15	sub-01	25.454	25.534	on
ses-005_task-wolf15	sub-01	25.542	25.638	the
ses-005_task-wolf15	sub-01	25.654	25.806	phone now.
ses-005_task-wolf15	sub-01	25.838	25.934	We
ses-005_task-wolf15	sub-01	25.942	26.134	don't
ses-005_task-wolf15	sub-01	26.182	26.366	know
ses-005_task-wolf15	sub-01	26.398	26.686	anything']
ses-005_task-wolf15	sub-01	26.718	26.862	['yet.
ses-005_task-wolf15	sub-01	26.886	27.078	Let's
ses-005_task-wolf15	sub-01	27.094	27.246000000000002	not
ses-005_task-wolf15	sub-01	27.278	27.485999999999997	jump
ses-005_task-wolf15	sub-01	27.518	27.686	to']
ses-005_task-wolf15	sub-01	27.718	28.622	conclusions.
ses-005_task-wolf15	sub-01	28.806	29.102	Even
ses-005_task-wolf15	sub-01	29.126	29.262	though
ses-005_task-wolf15	sub-01	29.286	29.398	I
ses-005_task-wolf15	sub-01	29.414	29.614	owned
ses-005_task-wolf15	sub-01	29.662	30.518	85%
ses-005_task-wolf15	sub-01	30.574	30.766000000000002	of
ses-005_task-wolf15	sub-01	30.798	31.101999999999997	Steve
ses-005_task-wolf15	sub-01	31.166	31.494	cock
ses-005_task-wolf15	sub-01	31.542	31.814	sucking
ses-005_task-wolf15	sub-01	32.044	32.65	motherfucking
ses-005_task-wolf15	sub-01	32.69	33.065999999999995	Madden
ses-005_task-wolf15	sub-01	33.098	33.626	Shoes,
ses-005_task-wolf15	sub-01	33.738	33.961999999999996	the
ses-005_task-wolf15	sub-01	33.986	34.282	shares
ses-005_task-wolf15	sub-01	34.306	34.418	were
ses-005_task-wolf15	sub-01	34.434	34.586	in
ses-005_task-wolf15	sub-01	34.618	34.786	his
ses-005_task-wolf15	sub-01	34.818	35.193999999999996	fucking
ses-005_task-wolf15	sub-01	35.242	35.833999999999996	name.
ses-005_task-wolf15	sub-01	36.002	36.378	This
ses-005_task-wolf15	sub-01	36.434	37.129999999999995	motherfucker
ses-005_task-wolf15	sub-01	37.17	37.322	knew
ses-005_task-wolf15	sub-01	37.346	37.458	I
ses-005_task-wolf15	sub-01	37.474	37.602	was
ses-005_task-wolf15	sub-01	37.626	37.762	in
ses-005_task-wolf15	sub-01	37.786	38.01	trouble
ses-005_task-wolf15	sub-01	38.05	38.153999999999996	with
ses-005_task-wolf15	sub-01	38.162	38.257999999999996	the
ses-005_task-wolf15	sub-01	38.274	38.458	feds
ses-005_task-wolf15	sub-01	38.474	38.577999999999996	and
ses-005_task-wolf15	sub-01	38.594	38.65	he
ses-005_task-wolf15	sub-01	38.65	38.786	was
ses-005_task-wolf15	sub-01	38.818	38.961999999999996	trying
ses-005_task-wolf15	sub-01	38.986	39.122	to
ses-005_task-wolf15	sub-01	39.146	39.282000000000004	take
ses-005_task-wolf15	sub-01	39.306	39.873999999999995	advantage.
ses-005_task-wolf15	sub-01	40.002	40.242000000000004	Talk
ses-005_task-wolf15	sub-01	40.266	40.354	to
ses-005_task-wolf15	sub-01	40.362	40.458	me,
ses-005_task-wolf15	sub-01	40.474	40.602	man.
ses-005_task-wolf15	sub-01	40.626	40.69	How
ses-005_task-wolf15	sub-01	40.69	40.754	do
ses-005_task-wolf15	sub-01	40.762	40.834	you
ses-005_task-wolf15	sub-01	40.842	40.914	want
ses-005_task-wolf15	sub-01	40.922	40.994	to
ses-005_task-wolf15	sub-01	41.002	41.122	play
ses-005_task-wolf15	sub-01	41.146	41.786	this?
ses-005_task-wolf15	sub-01	41.978	42.306000000000004	Once
ses-005_task-wolf15	sub-01	42.338	42.434	you
ses-005_task-wolf15	sub-01	42.442	42.538	get
ses-005_task-wolf15	sub-01	42.554	42.658	all
ses-005_task-wolf15	sub-01	42.674	42.778	our
ses-005_task-wolf15	sub-01	42.794	43.034	clients
ses-005_task-wolf15	sub-01	43.082	43.194	on
ses-005_task-wolf15	sub-01	43.202	43.297999999999995	the
ses-005_task-wolf15	sub-01	43.314	43.466	phone
ses-005_task-wolf15	sub-01	43.498	43.641999999999996	right
ses-005_task-wolf15	sub-01	43.666	43.754	now
ses-005_task-wolf15	sub-01	43.762	43.858	and
ses-005_task-wolf15	sub-01	43.874	43.954	have
ses-005_task-wolf15	sub-01	43.962	44.082	them
ses-005_task-wolf15	sub-01	44.106	44.266	start
ses-005_task-wolf15	sub-01	44.298	44.546	selling
ses-005_task-wolf15	sub-01	44.578	44.786	['Steve
ses-005_task-wolf15	sub-01	44.818	45.034	Madden
ses-005_task-wolf15	sub-01	45.042	45.138	
ses-005_task-wolf15	sub-01	45.154	45.21	we're
ses-005_task-wolf15	sub-01	45.21	45.322	going
ses-005_task-wolf15	sub-01	45.346	45.522	to
ses-005_task-wolf15	sub-01	45.546	45.682	drive
ses-005_task-wolf15	sub-01	45.706	46.026	that
ses-005_task-wolf15	sub-01	46.058	46.298	price
ses-005_task-wolf15	sub-01	46.354	46.522	down.
ses-005_task-wolf15	sub-01	46.546	46.61	Do
ses-005_task-wolf15	sub-01	46.61	46.698	you
ses-005_task-wolf15	sub-01	46.714	46.818	hear
ses-005_task-wolf15	sub-01	46.834	47.394000000000005	me?
ses-005_task-wolf15	sub-01	47.562	47.866	Shut
ses-005_task-wolf15	sub-01	47.898	48.042	the
ses-005_task-wolf15	sub-01	48.066	48.266000000000005	fuck
ses-005_task-wolf15	sub-01	48.298	48.466	up.
ses-005_task-wolf15	sub-01	48.498	48.593999999999994	This
ses-005_task-wolf15	sub-01	48.602	48.69799999999999	is
ses-005_task-wolf15	sub-01	48.714	48.842	your
ses-005_task-wolf15	sub-01	48.866	49.146	fucking
ses-005_task-wolf15	sub-01	49.178	49.346	friend
ses-005_task-wolf15	sub-01	49.378	49.546	from
ses-005_task-wolf15	sub-01	49.578	49.722	high
ses-005_task-wolf15	sub-01	49.746	50.026	school.
ses-005_task-wolf15	sub-01	50.098	50.282	That
ses-005_task-wolf15	sub-01	50.306	50.489999999999995	little
ses-005_task-wolf15	sub-01	50.53	50.85	['fucking
ses-005_task-wolf15	sub-01	50.89	51.106	prick.
ses-005_task-wolf15	sub-01	51.138	51.442	If he's
ses-005_task-wolf15	sub-01	51.466	51.554	going
ses-005_task-wolf15	sub-01	51.562	51.657999999999994	to
ses-005_task-wolf15	sub-01	51.674	51.842	fuck
ses-005_task-wolf15	sub-01	51.866	51.954	with
ses-005_task-wolf15	sub-01	51.962	52.058	me
ses-005_task-wolf15	sub-01	52.074	52.153999999999996	"[""""we're"
ses-005_task-wolf15	sub-01	52.162	52.21	going
ses-005_task-wolf15	sub-01	52.21	52.298	to
ses-005_task-wolf15	sub-01	52.314	52.442	turn
ses-005_task-wolf15	sub-01	52.466	52.578	his
ses-005_task-wolf15	sub-01	52.594	52.874	entire
ses-005_task-wolf15	sub-01	52.922	53.153999999999996	company
ses-005_task-wolf15	sub-01	53.202	53.361999999999995	into
ses-005_task-wolf15	sub-01	53.386	53.498000000000005	a']
ses-005_task-wolf15	sub-01	53.514	53.746	penny
ses-005_task-wolf15	sub-01	53.778	54.01	stock.
ses-005_task-wolf15	sub-01	54.05	54.178	You
ses-005_task-wolf15	sub-01	54.194	54.322	hear
ses-005_task-wolf15	sub-01	54.346	54.745999999999995	me?
ses-005_task-wolf15	sub-01	54.858	55.081999999999994	You
ses-005_task-wolf15	sub-01	55.106	55.242000000000004	got
ses-005_task-wolf15	sub-01	55.266	55.402	it?
ses-005_task-wolf15	sub-01	55.426	55.674	Yes,
ses-005_task-wolf15	sub-01	55.722	55.962	yes,
ses-005_task-wolf15	sub-01	55.986	56.098	I
ses-005_task-wolf15	sub-01	56.114	56.217999999999996	got
ses-005_task-wolf15	sub-01	56.234	56.362	it.
ses-005_task-wolf15	sub-01	56.386	56.45	All
ses-005_task-wolf15	sub-01	56.45	56.538000000000004	right,
ses-005_task-wolf15	sub-01	56.554	56.698	"[""""let's"
ses-005_task-wolf15	sub-01	56.714	57.01	not
ses-005_task-wolf15	sub-01	57.09	57.306000000000004	jump
ses-005_task-wolf15	sub-01	57.338	57.434	to
ses-005_task-wolf15	sub-01	57.522	57.906	conclusions
ses-005_task-wolf15	sub-01	57.938	58.058	until']
ses-005_task-wolf15	sub-01	58.074	58.178	['we
ses-005_task-wolf15	sub-01	58.194	58.322	know
ses-005_task-wolf15	sub-01	58.346	58.50599999999999	what's
ses-005_task-wolf15	sub-01	58.538	58.73	going
ses-005_task-wolf15	sub-01	58.77	59.042	on.
ses-005_task-wolf15	sub-01	59.106	59.546	Captain']
ses-005_task-wolf15	sub-01	59.618	60.230000000000004	Ted.
ses-005_task-wolf15	sub-01	60.81	61.362	Captain
ses-005_task-wolf15	sub-01	61.426	62.17	Ted.
ses-005_task-wolf15	sub-01	62.33	62.666	Hang
ses-005_task-wolf15	sub-01	62.698	62.842	up,
ses-005_task-wolf15	sub-01	62.866	63.025999999999996	your
ses-005_task-wolf15	sub-01	63.058	63.694	phones.
ses-005_task-wolf15	sub-01	63.882	64.462	Everybody.
ses-005_task-wolf15	sub-01	64.526	64.702	Turn
ses-005_task-wolf15	sub-01	64.726	64.862	the
ses-005_task-wolf15	sub-01	64.886	65.07	boat
ses-005_task-wolf15	sub-01	65.11	65.382	around.
ses-005_task-wolf15	sub-01	65.446	65.66199999999999	"[""""We're"
ses-005_task-wolf15	sub-01	65.686	65.87	going
ses-005_task-wolf15	sub-01	65.91	66.49	home.']
ses-005_task-wolf15	sub-01	70.63	71.57	Baby.
ses-005_task-wolf15	sub-01	72.07	72.54199999999999	Baby,
ses-005_task-wolf15	sub-01	72.566	72.75	what
ses-005_task-wolf15	sub-01	72.79	73.49000000000001	happened?
ses-005_task-wolf15	sub-01	74.55	75.062	['Sweetheart
ses-005_task-wolf15	sub-01	75.086	75.262	
ses-005_task-wolf15	sub-01	75.286	75.494	what's
ses-005_task-wolf15	sub-01	75.542	76.13	on?
ses-005_task-wolf15	sub-01	77.39	77.75	Aunt
ses-005_task-wolf15	sub-01	77.79	78.49000000000001	Emma?
ses-005_task-wolf15	sub-01	79.83	80.214	Just
ses-005_task-wolf15	sub-01	80.262	80.93	wait.
ses-005_task-wolf15	sub-01	83.19	83.582	"[""""What's"
ses-005_task-wolf15	sub-01	83.606	83.838	going
ses-005_task-wolf15	sub-01	83.894	84.182	on?
ses-005_task-wolf15	sub-01	84.246	84.398	Why
ses-005_task-wolf15	sub-01	84.414	84.47	are
ses-005_task-wolf15	sub-01	84.47	84.582	you']
ses-005_task-wolf15	sub-01	84.606	85.28999999999999	crying?
ses-005_task-wolf15	sub-01	86.27	86.75	"[""""She's"
ses-005_task-wolf15	sub-01	86.79	87.41000000000001	dead.']
ses-005_task-wolf15	sub-01	88.39	88.702	I
ses-005_task-wolf15	sub-01	88.726	88.91	just
ses-005_task-wolf15	sub-01	88.95	89.182	got a
ses-005_task-wolf15	sub-01	89.206	89.414	call
ses-005_task-wolf15	sub-01	89.462	89.646	for
ses-005_task-wolf15	sub-01	89.678	89.822	my
ses-005_task-wolf15	sub-01	89.846	90.126	cousin
ses-005_task-wolf15	sub-01	90.158	90.822	Betty.
ses-005_task-wolf15	sub-01	90.966	91.76599999999999	Yeah?
ses-005_task-wolf15	sub-01	91.958	92.286	And
ses-005_task-wolf15	sub-01	92.318	92.694	Emma
ses-005_task-wolf15	sub-01	92.742	92.974	is
ses-005_task-wolf15	sub-01	93.022	93.65	dead.
ses-005_task-wolf15	sub-01	95.49	95.72999999999999	Are
ses-005_task-wolf15	sub-01	95.73	95.89	you
ses-005_task-wolf15	sub-01	95.93	96.402	fucking
ses-005_task-wolf15	sub-01	96.466	96.80999999999999	kidding
ses-005_task-wolf15	sub-01	96.85	97.098	me?
ses-005_task-wolf15	sub-01	97.154	97.75	No.
ses-005_task-wolf15	sub-01	98.33	98.69	You
ses-005_task-wolf15	sub-01	98.73	99.51	serious?
ses-005_task-wolf15	sub-01	100.17	100.546	Oh,
ses-005_task-wolf15	sub-01	100.578	100.866	my
ses-005_task-wolf15	sub-01	100.938	101.44200000000001	['God.
ses-005_task-wolf15	sub-01	101.546	102.07400000000001	Baby
ses-005_task-wolf15	sub-01	102.122	102.578	
ses-005_task-wolf15	sub-01	102.674	103.15400000000001	Oh,
ses-005_task-wolf15	sub-01	103.242	103.95400000000001	fuck.
ses-005_task-wolf15	sub-01	104.122	104.562	['Oh
ses-005_task-wolf15	sub-01	104.626	105.08200000000001	
ses-005_task-wolf15	sub-01	105.146	105.402	sweetheart
ses-005_task-wolf15	sub-01	105.426	105.658	
ses-005_task-wolf15	sub-01	105.714	106.074	Fucking.
ses-005_task-wolf15	sub-01	106.122	106.45	Fucking
ses-005_task-wolf15	sub-01	106.49	106.666	heart
ses-005_task-wolf15	sub-01	106.698	107.202	attack.
ses-005_task-wolf15	sub-01	107.346	107.82600000000001	Boom,
ses-005_task-wolf15	sub-01	107.898	108.282	snap,
ses-005_task-wolf15	sub-01	108.346	108.89	gone.
ses-005_task-wolf15	sub-01	109.01	109.474	Shuffled
ses-005_task-wolf15	sub-01	109.522	109.706	off
ses-005_task-wolf15	sub-01	109.738	109.906	her
ses-005_task-wolf15	sub-01	109.938	110.266	mortal
ses-005_task-wolf15	sub-01	110.298	110.85000000000001	coil,
ses-005_task-wolf15	sub-01	110.97	111.25	and
ses-005_task-wolf15	sub-01	111.29	111.682	$20
ses-005_task-wolf15	sub-01	111.786	112.706	million
ses-005_task-wolf15	sub-01	112.778	113.07400000000001	stuck
ses-005_task-wolf15	sub-01	113.122	113.258	in
ses-005_task-wolf15	sub-01	113.274	113.45	a
ses-005_task-wolf15	sub-01	113.49	113.818	swiss
ses-005_task-wolf15	sub-01	113.874	114.08999999999999	bank
ses-005_task-wolf15	sub-01	114.13	114.57	account.
ses-005_task-wolf15	sub-01	114.69	114.922	She
ses-005_task-wolf15	sub-01	114.946	115.13	was
ses-005_task-wolf15	sub-01	115.17	115.97800000000001	fine.
ses-005_task-wolf15	sub-01	116.154	116.39399999999999	['You
ses-005_task-wolf15	sub-01	116.402	116.522	know
ses-005_task-wolf15	sub-01	116.546	116.72200000000001	
ses-005_task-wolf15	sub-01	116.746	116.954	she's
ses-005_task-wolf15	sub-01	117.002	117.13799999999999	not.
ses-005_task-wolf15	sub-01	117.154	117.354	Oh
ses-005_task-wolf15	sub-01	117.402	117.794	['baby.
ses-005_task-wolf15	sub-01	117.842	118.33	Oh
ses-005_task-wolf15	sub-01	118.45	118.858	
ses-005_task-wolf15	sub-01	118.914	119.146	God.
ses-005_task-wolf15	sub-01	119.178	119.36999999999999	so
ses-005_task-wolf15	sub-01	119.41	119.874	fucking
ses-005_task-wolf15	sub-01	119.962	120.75	terrible.
ses-005_task-wolf15	sub-01	121.05	121.75399999999999	Oh,
ses-005_task-wolf15	sub-01	121.882	122.21000000000001	fuck.
ses-005_task-wolf15	sub-01	122.25	122.378	It
ses-005_task-wolf15	sub-01	122.394	122.61800000000001	is
ses-005_task-wolf15	sub-01	122.674	123.08200000000001	terrible.
ses-005_task-wolf15	sub-01	123.146	123.346	You.
ses-005_task-wolf15	sub-01	123.378	123.57	Your
ses-005_task-wolf15	sub-01	123.61	123.826	aunt
ses-005_task-wolf15	sub-01	123.858	124.074	was
ses-005_task-wolf15	sub-01	124.122	124.354	such
ses-005_task-wolf15	sub-01	124.402	124.562	an
ses-005_task-wolf15	sub-01	124.586	125.098	elegant,
ses-005_task-wolf15	sub-01	125.194	125.77	attractive
ses-005_task-wolf15	sub-01	125.81	126.298	woman.
ses-005_task-wolf15	sub-01	126.434	126.73	My
ses-005_task-wolf15	sub-01	126.77	127.26599999999999	condolences
ses-005_task-wolf15	sub-01	127.338	127.47399999999999	to
ses-005_task-wolf15	sub-01	127.482	127.998	you.
ses-005_task-wolf15	sub-01	128.154	128.558	['Yes
ses-005_task-wolf15	sub-01	128.614	128.806	
ses-005_task-wolf15	sub-01	128.838	129.422	we're
ses-005_task-wolf15	sub-01	129.486	130.054	devastated.
ses-005_task-wolf15	sub-01	130.102	130.326	Thank
ses-005_task-wolf15	sub-01	130.358	130.574	you.
ses-005_task-wolf15	sub-01	130.622	130.822	Thank
ses-005_task-wolf15	sub-01	130.846	130.958	you
ses-005_task-wolf15	sub-01	130.974	131.14999999999998	so
ses-005_task-wolf15	sub-01	131.19	131.31799999999998	much
ses-005_task-wolf15	sub-01	131.334	131.43800000000002	for
ses-005_task-wolf15	sub-01	131.454	131.582	your
ses-005_task-wolf15	sub-01	131.606	132.29399999999998	condolences.
ses-005_task-wolf15	sub-01	132.422	132.662	Now,
ses-005_task-wolf15	sub-01	132.686	132.822	where
ses-005_task-wolf15	sub-01	132.846	132.958	does
ses-005_task-wolf15	sub-01	132.974	133.12599999999998	that
ses-005_task-wolf15	sub-01	133.158	133.326	leave
ses-005_task-wolf15	sub-01	133.358	133.478	us
ses-005_task-wolf15	sub-01	133.494	133.62199999999999	in
ses-005_task-wolf15	sub-01	133.646	133.91	regard
ses-005_task-wolf15	sub-01	133.95	134.07799999999997	to
ses-005_task-wolf15	sub-01	134.094	134.26999999999998	her
ses-005_task-wolf15	sub-01	134.31	134.654	account
ses-005_task-wolf15	sub-01	134.742	135.166	exactly?
ses-005_task-wolf15	sub-01	135.198	135.318	Does
ses-005_task-wolf15	sub-01	135.334	135.41400000000002	it
ses-005_task-wolf15	sub-01	135.422	135.542	go
ses-005_task-wolf15	sub-01	135.566	135.75	into
ses-005_task-wolf15	sub-01	135.79	136.19	probate
ses-005_task-wolf15	sub-01	136.23	136.334	or
ses-005_task-wolf15	sub-01	136.342	136.51000000000002	what?
ses-005_task-wolf15	sub-01	136.55	136.65400000000002	Not
ses-005_task-wolf15	sub-01	136.662	136.758	to
ses-005_task-wolf15	sub-01	136.774	136.966	worry,
ses-005_task-wolf15	sub-01	136.998	137.326	Jordan.
ses-005_task-wolf15	sub-01	137.358	137.502	Not
ses-005_task-wolf15	sub-01	137.526	137.638	to
ses-005_task-wolf15	sub-01	137.654	138.25	worry.
ses-005_task-wolf15	sub-01	138.59	138.90200000000002	Your
ses-005_task-wolf15	sub-01	138.926	139.214	aunt,
ses-005_task-wolf15	sub-01	139.262	139.518	before
ses-005_task-wolf15	sub-01	139.574	139.76600000000002	she
ses-005_task-wolf15	sub-01	139.798	140.15	died,
ses-005_task-wolf15	sub-01	140.23	140.518	signed
ses-005_task-wolf15	sub-01	140.534	140.638	the
ses-005_task-wolf15	sub-01	140.654	141.078	document
ses-005_task-wolf15	sub-01	141.134	141.446	naming
ses-005_task-wolf15	sub-01	141.478	141.71800000000002	you
ses-005_task-wolf15	sub-01	141.774	141.942	as
ses-005_task-wolf15	sub-01	141.966	142.126	her
ses-005_task-wolf15	sub-01	142.158	142.82199999999997	successor.
ses-005_task-wolf15	sub-01	142.926	143.19	She
ses-005_task-wolf15	sub-01	143.23	143.81	did?
ses-005_task-wolf15	sub-01	144.87	145.662	Fantastic.
ses-005_task-wolf15	sub-01	145.686	145.822	Well,
ses-005_task-wolf15	sub-01	145.846	146.022	"[""""that's"
ses-005_task-wolf15	sub-01	146.046	146.23	good
ses-005_task-wolf15	sub-01	146.27	146.71	news.
ses-005_task-wolf15	sub-01	146.83	147.49	Well
ses-005_task-wolf15	sub-01	147.99	148.27800000000002	not
ses-005_task-wolf15	sub-01	148.294	148.39800000000002	as
ses-005_task-wolf15	sub-01	148.414	148.518	of
ses-005_task-wolf15	sub-01	148.534	149.09	yet.
ses-005_task-wolf15	sub-01	149.79	150.054	What
ses-005_task-wolf15	sub-01	150.062	150.13400000000001	does
ses-005_task-wolf15	sub-01	150.142	150.238	that
ses-005_task-wolf15	sub-01	150.254	150.334	mean,
ses-005_task-wolf15	sub-01	150.342	150.46200000000002	not
ses-005_task-wolf15	sub-01	150.486	150.57399999999998	as
ses-005_task-wolf15	sub-01	150.582	150.678	of
ses-005_task-wolf15	sub-01	150.694	150.86999999999998	yet?
ses-005_task-wolf15	sub-01	150.91	151.49	No,
ses-005_task-wolf15	sub-01	154.27	154.55800000000002	['I
ses-005_task-wolf15	sub-01	154.574	154.76600000000002	can't
ses-005_task-wolf15	sub-01	154.798	154.942	seem']
ses-005_task-wolf15	sub-01	154.966	155.102	to
ses-005_task-wolf15	sub-01	155.126	155.262	hear
ses-005_task-wolf15	sub-01	155.286	155.47	you.
ses-005_task-wolf15	sub-01	155.51	155.63799999999998	I
ses-005_task-wolf15	sub-01	155.654	155.78199999999998	must
ses-005_task-wolf15	sub-01	155.806	155.99	have
ses-005_task-wolf15	sub-01	156.03	156.254	bad
ses-005_task-wolf15	sub-01	156.302	156.766	reception.
ses-005_task-wolf15	sub-01	156.798	156.918	Are
ses-005_task-wolf15	sub-01	156.934	157.08599999999998	you
ses-005_task-wolf15	sub-01	157.118	157.47	speaking
ses-005_task-wolf15	sub-01	157.55	158.15800000000002	English?
ses-005_task-wolf15	sub-01	158.294	158.97	Very
ses-005_task-wolf15	sub-01	159.57	160.018	fast.
ses-005_task-wolf15	sub-01	160.074	160.31400000000002	Very
ses-005_task-wolf15	sub-01	160.362	160.594	fast.
ses-005_task-wolf15	sub-01	160.642	161.058	Fast?
ses-005_task-wolf15	sub-01	161.154	161.314	I
ses-005_task-wolf15	sub-01	161.322	161.394	have
ses-005_task-wolf15	sub-01	161.402	161.498	to
ses-005_task-wolf15	sub-01	161.514	161.59400000000002	get
ses-005_task-wolf15	sub-01	161.602	161.698	to
ses-005_task-wolf15	sub-01	161.714	162.138	Switzerland
ses-005_task-wolf15	sub-01	162.194	162.79	now.
ses-005_task-wolf15	sub-01	164.85	165.21	Speak
ses-005_task-wolf15	sub-01	165.25	165.722	English.
ses-005_task-wolf15	sub-01	165.826	166.226	Fucking
ses-005_task-wolf15	sub-01	166.258	166.514	speak
ses-005_task-wolf15	sub-01	166.562	167.19	English.
ses-005_task-wolf15	sub-01	167.73	168.402	Okay.
ses-005_task-wolf15	sub-01	168.506	168.722	Take
ses-005_task-wolf15	sub-01	168.746	168.882	your
ses-005_task-wolf15	sub-01	168.906	169.106	suit,
ses-005_task-wolf15	sub-01	169.138	169.282	take
ses-005_task-wolf15	sub-01	169.306	169.418	your
ses-005_task-wolf15	sub-01	169.434	169.794	dick,
ses-005_task-wolf15	sub-01	169.882	170.25	okay,
ses-005_task-wolf15	sub-01	170.29	170.44199999999998	and
ses-005_task-wolf15	sub-01	170.466	170.602	move
ses-005_task-wolf15	sub-01	170.626	170.762	your
ses-005_task-wolf15	sub-01	170.786	171.042	ass,
ses-005_task-wolf15	sub-01	171.106	171.618	please.
ses-005_task-wolf15	sub-01	171.754	172.498	Bouge ton cul.
ses-005_task-wolf15	sub-01	172.554	172.85	Okay.
ses-005_task-wolf15	sub-01	172.89	173.06599999999997	Move
ses-005_task-wolf15	sub-01	173.098	173.29000000000002	my
ses-005_task-wolf15	sub-01	173.33	173.698	ass.
ses-005_task-wolf15	sub-01	173.794	173.978	I
ses-005_task-wolf15	sub-01	173.994	174.202	gotta
ses-005_task-wolf15	sub-01	174.226	174.458	say,
ses-005_task-wolf15	sub-01	174.514	174.73000000000002	these
ses-005_task-wolf15	sub-01	174.77	175.114	Swiss
ses-005_task-wolf15	sub-01	175.162	175.346	were
ses-005_task-wolf15	sub-01	175.378	175.78599999999997	some
ses-005_task-wolf15	sub-01	175.898	176.69	sneaky
ses-005_task-wolf15	sub-01	176.77	177.994	motherfuckers.
ses-005_task-wolf15	sub-01	178.122	178.48200000000003	Within
ses-005_task-wolf15	sub-01	178.546	178.81	minutes,
ses-005_task-wolf15	sub-01	178.85	178.97799999999998	he
ses-005_task-wolf15	sub-01	178.994	179.098	had
ses-005_task-wolf15	sub-01	179.114	179.266	me
ses-005_task-wolf15	sub-01	179.298	179.442	set
ses-005_task-wolf15	sub-01	179.466	179.578	up
ses-005_task-wolf15	sub-01	179.594	179.698	with
ses-005_task-wolf15	sub-01	179.714	179.86599999999999	a
ses-005_task-wolf15	sub-01	179.898	180.258	forger
ses-005_task-wolf15	sub-01	180.314	180.458	['who
ses-005_task-wolf15	sub-01	180.474	180.62599999999998	could
ses-005_task-wolf15	sub-01	180.658	180.92999999999998	fake
ses-005_task-wolf15	sub-01	180.97	181.146	Aunt
ses-005_task-wolf15	sub-01	181.178	181.522	"Emma's""""]"
ses-005_task-wolf15	sub-01	181.546	181.994	signature.
ses-005_task-wolf15	sub-01	182.082	182.322	You
ses-005_task-wolf15	sub-01	182.346	182.698	american
ses-005_task-wolf15	sub-01	182.794	183.51000000000002	shit.
ses-005_task-wolf15	sub-01	183.81	184.098	I
ses-005_task-wolf15	sub-01	184.114	184.266	just
ses-005_task-wolf15	sub-01	184.298	184.418	had
ses-005_task-wolf15	sub-01	184.434	184.538	to
ses-005_task-wolf15	sub-01	184.554	184.682	get
ses-005_task-wolf15	sub-01	184.706	184.81799999999998	there
ses-005_task-wolf15	sub-01	184.834	184.962	by
ses-005_task-wolf15	sub-01	184.986	185.554	tomorrow
ses-005_task-wolf15	sub-01	185.682	185.946	or
ses-005_task-wolf15	sub-01	185.978	186.17000000000002	lose
ses-005_task-wolf15	sub-01	186.21	186.434	['$20
ses-005_task-wolf15	sub-01	186.482	187.33	million.
ses-005_task-wolf15	sub-01	187.45	187.658	"We're""""]"
ses-005_task-wolf15	sub-01	187.674	187.826	going
ses-005_task-wolf15	sub-01	187.858	188.026	to
ses-005_task-wolf15	sub-01	188.058	189.03	Monaco.
ses-005_task-wolf15	sub-01	189.61	190.59400000000002	Monaco?
ses-005_task-wolf15	sub-01	190.762	191.522	['Now?
ses-005_task-wolf15	sub-01	191.576	191.742	Yes
ses-005_task-wolf15	sub-01	191.766	191.958	
ses-005_task-wolf15	sub-01	191.974	192.054	babe.
ses-005_task-wolf15	sub-01	192.062	192.18200000000002	We're
ses-005_task-wolf15	sub-01	192.206	192.31799999999998	to
ses-005_task-wolf15	sub-01	192.334	192.75	Monaco,
ses-005_task-wolf15	sub-01	192.79	192.91799999999998	so
ses-005_task-wolf15	sub-01	192.934	193.038	then
ses-005_task-wolf15	sub-01	193.054	193.15800000000002	we
ses-005_task-wolf15	sub-01	193.174	193.27800000000002	can
ses-005_task-wolf15	sub-01	193.294	193.37400000000002	go
ses-005_task-wolf15	sub-01	193.382	193.478	to
ses-005_task-wolf15	sub-01	193.494	193.934	Switzerland,
ses-005_task-wolf15	sub-01	193.982	194.582	okay?
ses-005_task-wolf15	sub-01	194.726	195.006	But
ses-005_task-wolf15	sub-01	195.038	195.20600000000002	her
ses-005_task-wolf15	sub-01	195.238	195.446	aunt
ses-005_task-wolf15	sub-01	195.478	195.69400000000002	just
ses-005_task-wolf15	sub-01	195.742	195.998	died.
ses-005_task-wolf15	sub-01	196.054	196.198	I
ses-005_task-wolf15	sub-01	196.214	196.47	realize
ses-005_task-wolf15	sub-01	196.51	196.63799999999998	that,
ses-005_task-wolf15	sub-01	196.654	196.758	but
ses-005_task-wolf15	sub-01	196.774	196.854	I
ses-005_task-wolf15	sub-01	196.862	197.006	have
ses-005_task-wolf15	sub-01	197.038	197.27800000000002	business
ses-005_task-wolf15	sub-01	197.334	197.454	in
ses-005_task-wolf15	sub-01	197.462	197.85399999999998	Switzerland.
ses-005_task-wolf15	sub-01	197.902	198.01399999999998	I
ses-005_task-wolf15	sub-01	198.022	198.118	need
ses-005_task-wolf15	sub-01	198.134	198.238	to
ses-005_task-wolf15	sub-01	198.254	198.334	go
ses-005_task-wolf15	sub-01	198.342	198.43800000000002	to
ses-005_task-wolf15	sub-01	198.454	198.81400000000002	Switzerland
ses-005_task-wolf15	sub-01	198.862	199.022	right
ses-005_task-wolf15	sub-01	199.046	199.398	now.
ses-005_task-wolf15	sub-01	199.494	199.806	Bottom
ses-005_task-wolf15	sub-01	199.838	200.36599999999999	line.
ses-005_task-wolf15	sub-01	200.518	200.918	Sorry.
ses-005_task-wolf15	sub-01	200.974	201.86999999999998	Rebusinessing.
ses-005_task-wolf15	sub-01	202.03	202.278	We
ses-005_task-wolf15	sub-01	202.294	202.542	gotta
ses-005_task-wolf15	sub-01	202.566	202.726	get
ses-005_task-wolf15	sub-01	202.758	202.95000000000002	to
ses-005_task-wolf15	sub-01	202.99	203.77	London.
ses-005_task-wolf15	sub-01	204.19	204.862	Why?
ses-005_task-wolf15	sub-01	205.006	205.69	Why?
ses-005_task-wolf15	sub-01	207.07	207.45399999999998	The
ses-005_task-wolf15	sub-01	207.502	208.038	funeral.
ses-005_task-wolf15	sub-01	208.134	208.35799999999998	Yeah.
ses-005_task-wolf15	sub-01	208.374	208.80599999999998	Babe,
ses-005_task-wolf15	sub-01	208.838	209.06199999999998	babe,
ses-005_task-wolf15	sub-01	209.086	209.246	look.
ses-005_task-wolf15	sub-01	209.278	209.85	Look.
ses-005_task-wolf15	sub-01	210.23	210.566	I
ses-005_task-wolf15	sub-01	210.598	210.79000000000002	loved
ses-005_task-wolf15	sub-01	210.83	211.006	your
ses-005_task-wolf15	sub-01	211.038	211.286	aunt
ses-005_task-wolf15	sub-01	211.318	211.48600000000002	more
ses-005_task-wolf15	sub-01	211.518	211.686	than
ses-005_task-wolf15	sub-01	211.718	212.03	anyone
ses-005_task-wolf15	sub-01	212.07	212.174	in
ses-005_task-wolf15	sub-01	212.182	212.302	the
ses-005_task-wolf15	sub-01	212.326	212.678	entire
ses-005_task-wolf15	sub-01	212.734	212.95000000000002	world.
ses-005_task-wolf15	sub-01	212.99	213.118	I
ses-005_task-wolf15	sub-01	213.134	213.35799999999998	really
ses-005_task-wolf15	sub-01	213.414	214.01	did.
ses-005_task-wolf15	sub-01	215.47	215.862	"[""""But"
ses-005_task-wolf15	sub-01	215.886	216.08599999999998	['dead
ses-005_task-wolf15	sub-01	216.118	216.334	now
ses-005_task-wolf15	sub-01	216.382	217.006	
ses-005_task-wolf15	sub-01	217.118	217.422	sweetie.
ses-005_task-wolf15	sub-01	217.446	217.582	['dead
ses-005_task-wolf15	sub-01	217.606	217.886	and
ses-005_task-wolf15	sub-01	217.958	218.182	she's
ses-005_task-wolf15	sub-01	218.206	218.36599999999999	not
ses-005_task-wolf15	sub-01	218.398	218.59	going']
ses-005_task-wolf15	sub-01	218.63	219.326	['anywhere.
ses-005_task-wolf15	sub-01	219.478	219.806	She'll
ses-005_task-wolf15	sub-01	219.838	219.982	still
ses-005_task-wolf15	sub-01	220.006	220.142	be
ses-005_task-wolf15	sub-01	220.166	220.326	dead
ses-005_task-wolf15	sub-01	220.358	220.478	by']
ses-005_task-wolf15	sub-01	220.494	220.598	the
ses-005_task-wolf15	sub-01	220.614	220.742	time
ses-005_task-wolf15	sub-01	220.766	220.85399999999998	we
ses-005_task-wolf15	sub-01	220.862	220.982	get
ses-005_task-wolf15	sub-01	221.006	221.142	to
ses-005_task-wolf15	sub-01	221.166	221.446	London,
ses-005_task-wolf15	sub-01	221.478	222.17000000000002	okay?
ses-005_task-wolf15	sub-01	222.51	222.926	Captain
ses-005_task-wolf15	sub-01	222.958	223.374	Ted.
ses-005_task-wolf15	sub-01	223.412	223.642	['Captain
ses-005_task-wolf15	sub-01	223.666	223.858	Ted.
ses-005_task-wolf15	sub-01	223.874	223.93	All
ses-005_task-wolf15	sub-01	223.93	224.21	right
ses-005_task-wolf15	sub-01	224.29	224.522	
ses-005_task-wolf15	sub-01	224.546	224.682	we're
ses-005_task-wolf15	sub-01	224.706	224.81799999999998	going
ses-005_task-wolf15	sub-01	224.834	225.274	Monaco.
ses-005_task-wolf15	sub-01	225.322	225.722	Monaco
ses-005_task-wolf15	sub-01	225.746	225.858	now,
ses-005_task-wolf15	sub-01	225.874	226.314	okay?
ses-005_task-wolf15	sub-01	226.402	226.86599999999999	['Monaco
ses-005_task-wolf15	sub-01	226.898	227.042	
ses-005_task-wolf15	sub-01	227.066	227.178	right.
ses-005_task-wolf15	sub-01	227.194	227.298	We're
ses-005_task-wolf15	sub-01	227.314	227.418	going
ses-005_task-wolf15	sub-01	227.434	227.946	to
ses-005_task-wolf15	sub-01	228.018	228.178	so
ses-005_task-wolf15	sub-01	228.194	228.298	then
ses-005_task-wolf15	sub-01	228.314	228.394	we
ses-005_task-wolf15	sub-01	228.402	228.522	can
ses-005_task-wolf15	sub-01	228.546	228.72199999999998	drive
ses-005_task-wolf15	sub-01	228.746	228.858	to
ses-005_task-wolf15	sub-01	228.874	229.25	Switzerland.
ses-005_task-wolf15	sub-01	229.29	229.41799999999998	So
ses-005_task-wolf15	sub-01	229.434	229.514	['they
ses-005_task-wolf15	sub-01	229.522	229.642	don't
ses-005_task-wolf15	sub-01	229.666	229.89	stamp
ses-005_task-wolf15	sub-01	229.93	230.106	our
ses-005_task-wolf15	sub-01	230.138	230.602	passports.
ses-005_task-wolf15	sub-01	230.626	230.762	Take
ses-005_task-wolf15	sub-01	230.786	230.898	care']
ses-005_task-wolf15	sub-01	230.914	231.018	['of
ses-005_task-wolf15	sub-01	231.034	231.25799999999998	business
ses-005_task-wolf15	sub-01	231.314	231.578	here.
ses-005_task-wolf15	sub-01	231.634	231.802	We'll
ses-005_task-wolf15	sub-01	231.826	232.04999999999998	drive
ses-005_task-wolf15	sub-01	232.09	232.218	back
ses-005_task-wolf15	sub-01	232.234	232.33800000000002	to']
ses-005_task-wolf15	sub-01	232.354	232.70600000000002	Monaco,
ses-005_task-wolf15	sub-01	232.738	232.882	take
ses-005_task-wolf15	sub-01	232.906	232.994	a
ses-005_task-wolf15	sub-01	233.002	233.21	flight
ses-005_task-wolf15	sub-01	233.25	233.378	over
ses-005_task-wolf15	sub-01	233.394	233.49800000000002	to
ses-005_task-wolf15	sub-01	233.514	233.68200000000002	London
ses-005_task-wolf15	sub-01	233.706	233.79399999999998	to
ses-005_task-wolf15	sub-01	233.802	233.962	catch
ses-005_task-wolf15	sub-01	233.986	234.09799999999998	the
ses-005_task-wolf15	sub-01	234.114	234.482	funeral.
ses-005_task-wolf15	sub-01	234.546	234.67399999999998	Be
ses-005_task-wolf15	sub-01	234.682	234.778	in
ses-005_task-wolf15	sub-01	234.794	234.89800000000002	New
ses-005_task-wolf15	sub-01	234.914	235.018	York
ses-005_task-wolf15	sub-01	235.034	235.138	in
ses-005_task-wolf15	sub-01	235.154	235.28199999999998	three
ses-005_task-wolf15	sub-01	235.306	235.562	['fucking
ses-005_task-wolf15	sub-01	235.586	235.77	business
ses-005_task-wolf15	sub-01	235.81	235.938	days.
ses-005_task-wolf15	sub-01	235.954	236.074	That's
ses-005_task-wolf15	sub-01	236.082	236.178	the
ses-005_task-wolf15	sub-01	236.194	236.44199999999998	fucking
ses-005_task-wolf15	sub-01	236.466	236.842	plan.']
ses-005_task-wolf15	sub-01	236.946	237.114	I
ses-005_task-wolf15	sub-01	237.122	237.19400000000002	want
ses-005_task-wolf15	sub-01	237.202	237.274	to
ses-005_task-wolf15	sub-01	237.282	237.33	let
ses-005_task-wolf15	sub-01	237.33	237.418	you
ses-005_task-wolf15	sub-01	237.434	237.706	know,
ses-005_task-wolf15	sub-01	237.778	238.154	we
ses-005_task-wolf15	sub-01	238.242	238.60999999999999	might
ses-005_task-wolf15	sub-01	238.69	238.882	run
ses-005_task-wolf15	sub-01	238.906	239.042	into
ses-005_task-wolf15	sub-01	239.066	239.25	some
ses-005_task-wolf15	sub-01	239.29	239.626	chop.
ses-005_task-wolf15	sub-01	239.698	240.354	Chop?
ses-005_task-wolf15	sub-01	240.522	240.754	We
ses-005_task-wolf15	sub-01	240.762	240.882	could
ses-005_task-wolf15	sub-01	240.906	241.186	fucking
ses-005_task-wolf15	sub-01	241.218	241.45	['handle
ses-005_task-wolf15	sub-01	241.49	241.77800000000002	chop
ses-005_task-wolf15	sub-01	241.834	242.026	
ses-005_task-wolf15	sub-01	242.058	242.154	right?
ses-005_task-wolf15	sub-01	242.162	242.258	I
ses-005_task-wolf15	sub-01	242.274	242.37800000000001	mean
ses-005_task-wolf15	sub-01	242.394	242.89000000000001	['170
ses-005_task-wolf15	sub-01	242.93	243.082	foot
ses-005_task-wolf15	sub-01	243.106	243.394	yacht.
ses-005_task-wolf15	sub-01	243.442	243.578	No
ses-005_task-wolf15	sub-01	243.594	243.72199999999998	
ses-005_task-wolf15	sub-01	243.746	243.858	no
ses-005_task-wolf15	sub-01	243.874	244.00199999999998	
ses-005_task-wolf15	sub-01	244.026	244.138	no.
ses-005_task-wolf15	sub-01	244.154	244.35399999999998	We're
ses-005_task-wolf15	sub-01	244.402	244.76999999999998	['anywhere
ses-005_task-wolf15	sub-01	244.81	245.034	unless
ses-005_task-wolf15	sub-01	245.082	245.218	he
ses-005_task-wolf15	sub-01	245.234	245.386	says
ses-005_task-wolf15	sub-01	245.418	245.586	"it's""""]"
ses-005_task-wolf15	sub-01	245.618	246.00199999999998	['safe.
ses-005_task-wolf15	sub-01	246.066	246.218	All
ses-005_task-wolf15	sub-01	246.234	246.53	right?
ses-005_task-wolf15	sub-01	246.61	246.85000000000002	Don't
ses-005_task-wolf15	sub-01	246.89	247.06599999999997	worry']
ses-005_task-wolf15	sub-01	247.098	247.43400000000003	['about
ses-005_task-wolf15	sub-01	247.522	247.76999999999998	Chop.
ses-005_task-wolf15	sub-01	247.81	247.91400000000002	You
ses-005_task-wolf15	sub-01	247.922	248.018	don't
ses-005_task-wolf15	sub-01	248.034	248.16199999999998	know
ses-005_task-wolf15	sub-01	248.186	248.40200000000002	shit
ses-005_task-wolf15	sub-01	248.426	248.60999999999999	about']
ses-005_task-wolf15	sub-01	248.65	248.994	Chop.
ses-005_task-wolf15	sub-01	249.082	249.30599999999998	Oh,
ses-005_task-wolf15	sub-01	249.338	249.53	really?
ses-005_task-wolf15	sub-01	249.57	249.72199999999998	And
ses-005_task-wolf15	sub-01	249.746	249.906	you
ses-005_task-wolf15	sub-01	249.938	250.202	do?
ses-005_task-wolf15	sub-01	250.266	250.39399999999998	"[""""You're"
ses-005_task-wolf15	sub-01	250.402	250.474	a
ses-005_task-wolf15	sub-01	250.482	250.746	fucking
ses-005_task-wolf15	sub-01	250.778	251.018	expert
ses-005_task-wolf15	sub-01	251.034	251.16199999999998	on.
ses-005_task-wolf15	sub-01	251.186	251.298	I'll
ses-005_task-wolf15	sub-01	251.314	251.53	chop
ses-005_task-wolf15	sub-01	251.57	251.69799999999998	your']
ses-005_task-wolf15	sub-01	251.714	252.002	fucking
ses-005_task-wolf15	sub-01	252.026	252.26600000000002	credit
ses-005_task-wolf15	sub-01	252.298	252.442	card
ses-005_task-wolf15	sub-01	252.466	252.602	in
ses-005_task-wolf15	sub-01	252.626	252.762	half.
ses-005_task-wolf15	sub-01	252.786	252.898	How
ses-005_task-wolf15	sub-01	252.914	253.06599999999997	about
ses-005_task-wolf15	sub-01	253.098	253.674	that?
ses-005_task-wolf15	sub-01	253.842	254.234	Chop
ses-005_task-wolf15	sub-01	254.282	254.442	is
ses-005_task-wolf15	sub-01	254.466	254.77800000000002	fine.
ses-005_task-wolf15	sub-01	254.834	255.002	Trust
ses-005_task-wolf15	sub-01	255.026	255.342	me.
ses-005_task-wolf15	sub-01	255.426	255.646	Chop
ses-005_task-wolf15	sub-01	255.678	255.798	is
ses-005_task-wolf15	sub-01	255.814	256.078	fine.
ses-005_task-wolf15	sub-01	256.134	256.302	Is
ses-005_task-wolf15	sub-01	256.326	256.574	Chop
ses-005_task-wolf15	sub-01	256.622	256.886	fine,
ses-005_task-wolf15	sub-01	256.918	257.182	Captain
ses-005_task-wolf15	sub-01	257.206	257.81	Ted?
ses-005_task-wolf15	sub-01	259.07	259.382	Yeah,
ses-005_task-wolf15	sub-01	259.406	259.494	I
ses-005_task-wolf15	sub-01	259.502	259.742	mean,
ses-005_task-wolf15	sub-01	259.806	259.98199999999997	if
ses-005_task-wolf15	sub-01	260.006	260.142	we
ses-005_task-wolf15	sub-01	260.166	260.302	take
ses-005_task-wolf15	sub-01	260.326	260.46200000000005	it
ses-005_task-wolf15	sub-01	260.486	260.782	['slow
ses-005_task-wolf15	sub-01	260.846	260.998	
ses-005_task-wolf15	sub-01	261.014	261.142	we're
ses-005_task-wolf15	sub-01	261.166	261.302	gonna
ses-005_task-wolf15	sub-01	261.326	261.46200000000005	take
ses-005_task-wolf15	sub-01	261.486	261.902	it
ses-005_task-wolf15	sub-01	262.006	262.198	slow.
ses-005_task-wolf15	sub-01	262.214	262.294	['a
ses-005_task-wolf15	sub-01	262.302	262.422	little
ses-005_task-wolf15	sub-01	262.446	262.91	uncomfortable
ses-005_task-wolf15	sub-01	262.95	263.126	
ses-005_task-wolf15	sub-01	263.158	263.278	but
ses-005_task-wolf15	sub-01	263.294	263.39799999999997	tell
ses-005_task-wolf15	sub-01	263.414	263.542	em
ses-005_task-wolf15	sub-01	263.566	263.76599999999996	['safe.
ses-005_task-wolf15	sub-01	263.798	263.918	It's
ses-005_task-wolf15	sub-01	263.934	264.014	gonna
ses-005_task-wolf15	sub-01	264.022	264.286	be
ses-005_task-wolf15	sub-01	264.358	264.646	safe
ses-005_task-wolf15	sub-01	264.678	265.062	because']
ses-005_task-wolf15	sub-01	265.166	265.382	"[""""we'll"
ses-005_task-wolf15	sub-01	265.406	265.686	batten
ses-005_task-wolf15	sub-01	265.718	265.838	down
ses-005_task-wolf15	sub-01	265.854	265.98199999999997	the']
ses-005_task-wolf15	sub-01	266.006	266.77	hatches
ses-005_task-wolf15	sub-01	267.39	267.726	and
ses-005_task-wolf15	sub-01	267.758	268.102	secure
ses-005_task-wolf15	sub-01	268.126	268.262	the
ses-005_task-wolf15	sub-01	268.286	268.686	deck.
ses-005_task-wolf15	sub-01	268.758	269.44599999999997	And
ses-005_task-wolf15	sub-01	269.638	269.95799999999997	"[""""we're"
ses-005_task-wolf15	sub-01	269.974	270.126	looking
ses-005_task-wolf15	sub-01	270.158	270.278	at
ses-005_task-wolf15	sub-01	270.294	270.37399999999997	a
ses-005_task-wolf15	sub-01	270.382	270.886	few.']
ses-005_task-wolf15	sub-01	271.038	271.342	Maybe
ses-005_task-wolf15	sub-01	271.366	271.454	a
ses-005_task-wolf15	sub-01	271.462	271.606	few
ses-005_task-wolf15	sub-01	271.638	271.902	broken
ses-005_task-wolf15	sub-01	271.926	272.19	dishes.
ses-005_task-wolf15	sub-01	272.23	272.334	A
ses-005_task-wolf15	sub-01	272.342	272.462	few
ses-005_task-wolf15	sub-01	272.486	272.894	['broken
ses-005_task-wolf15	sub-01	272.942	273.678	dishes?
ses-005_task-wolf15	sub-01	273.814	274.142	"What's""""]"
ses-005_task-wolf15	sub-01	274.166	274.254	a
ses-005_task-wolf15	sub-01	274.262	274.406	few
ses-005_task-wolf15	sub-01	274.438	274.702	broken
ses-005_task-wolf15	sub-01	274.726	275.014	dishes?
ses-005_task-wolf15	sub-01	275.062	275.19800000000004	Does
ses-005_task-wolf15	sub-01	275.214	275.342	that
ses-005_task-wolf15	sub-01	275.366	275.526	sound
ses-005_task-wolf15	sub-01	275.558	275.87	fucking
ses-005_task-wolf15	sub-01	275.91	276.166	awesome
ses-005_task-wolf15	sub-01	276.198	276.342	or
ses-005_task-wolf15	sub-01	276.366	276.62199999999996	what?
ses-005_task-wolf15	sub-01	276.686	276.95799999999997	No,
ses-005_task-wolf15	sub-01	277.014	277.206	['not
ses-005_task-wolf15	sub-01	277.238	277.622	really.
ses-005_task-wolf15	sub-01	277.726	277.918	We're
ses-005_task-wolf15	sub-01	277.934	278.038	gonna
ses-005_task-wolf15	sub-01	278.054	278.15799999999996	have
ses-005_task-wolf15	sub-01	278.174	278.27799999999996	a']
ses-005_task-wolf15	sub-01	278.294	278.63	['fucking
ses-005_task-wolf15	sub-01	278.67	278.846	good
ses-005_task-wolf15	sub-01	278.878	279.19	time.
ses-005_task-wolf15	sub-01	279.27	279.462	Let's
ses-005_task-wolf15	sub-01	279.486	279.574	go
ses-005_task-wolf15	sub-01	279.582	279.702	to
ses-005_task-wolf15	sub-01	279.726	280.006	fucking']
ses-005_task-wolf15	sub-01	280.038	280.446	['Monaco
ses-005_task-wolf15	sub-01	280.478	280.934	now.
ses-005_task-wolf15	sub-01	281.062	281.326	"Let's""""]"
ses-005_task-wolf15	sub-01	281.358	281.686	['fucking
ses-005_task-wolf15	sub-01	281.718	281.886	move.
ses-005_task-wolf15	sub-01	281.918	282.086	Let's
ses-005_task-wolf15	sub-01	282.118	282.742	go.']
ses-005_task-wolf15	sub-01	287.85	288.28200000000004	Hold
ses-005_task-wolf15	sub-01	288.346	288.95	on.
ses-005_task-wolf15	sub-01	291.85	292.25800000000004	What
ses-005_task-wolf15	sub-01	292.314	292.62600000000003	the
ses-005_task-wolf15	sub-01	292.698	293.034	fuck
ses-005_task-wolf15	sub-01	293.082	293.29	is
ses-005_task-wolf15	sub-01	293.33	293.602	going
ses-005_task-wolf15	sub-01	293.666	293.914	on
ses-005_task-wolf15	sub-01	293.962	294.21799999999996	out
ses-005_task-wolf15	sub-01	294.274	294.73	here?
ses-005_task-wolf15	sub-01	294.85	295.154	The
ses-005_task-wolf15	sub-01	295.202	295.514	jet
ses-005_task-wolf15	sub-01	295.562	296.058	skis
ses-005_task-wolf15	sub-01	296.114	296.378	just
ses-005_task-wolf15	sub-01	296.434	296.65000000000003	went
ses-005_task-wolf15	sub-01	296.69	297.41	overboard.
ses-005_task-wolf15	sub-01	297.49	297.794	Oh,
ses-005_task-wolf15	sub-01	297.842	298.234	Jesus
ses-005_task-wolf15	sub-01	298.282	298.49	Christ.
ses-005_task-wolf15	sub-01	298.53	298.65799999999996	Honey,
ses-005_task-wolf15	sub-01	298.674	298.75399999999996	are
ses-005_task-wolf15	sub-01	298.762	298.906	you
ses-005_task-wolf15	sub-01	298.938	299.67	okay?
ses-005_task-wolf15	sub-01	301.81	302.146	The
ses-005_task-wolf15	sub-01	302.178	302.586	waves
ses-005_task-wolf15	sub-01	302.698	303.082	are
ses-005_task-wolf15	sub-01	303.146	303.73	20ft
ses-005_task-wolf15	sub-01	303.77	303.96999999999997	['high
ses-005_task-wolf15	sub-01	304.01	304.21	and
ses-005_task-wolf15	sub-01	304.25	304.618	building.
ses-005_task-wolf15	sub-01	304.714	305.026	Turn
ses-005_task-wolf15	sub-01	305.058	305.226	around!
ses-005_task-wolf15	sub-01	305.258	305.426	"Let's""""]"
ses-005_task-wolf15	sub-01	305.458	305.55400000000003	go
ses-005_task-wolf15	sub-01	305.562	305.682	the
ses-005_task-wolf15	sub-01	305.706	305.962	other
ses-005_task-wolf15	sub-01	305.986	306.306	fucking
ses-005_task-wolf15	sub-01	306.338	306.62600000000003	way!
ses-005_task-wolf15	sub-01	306.698	306.93	We
ses-005_task-wolf15	sub-01	306.97	307.29	"[""""can't."
ses-005_task-wolf15	sub-01	307.33	307.698	No
ses-005_task-wolf15	sub-01	307.794	308.082	
ses-005_task-wolf15	sub-01	308.106	308.338	we'll
ses-005_task-wolf15	sub-01	308.394	309.282	broadsided
ses-005_task-wolf15	sub-01	309.306	309.442	and
ses-005_task-wolf15	sub-01	309.466	309.762	tip
ses-005_task-wolf15	sub-01	309.826	310.362	over.
ses-005_task-wolf15	sub-01	310.506	310.76199999999994	I
ses-005_task-wolf15	sub-01	310.786	310.898	am
ses-005_task-wolf15	sub-01	310.914	311.114	a
ses-005_task-wolf15	sub-01	311.162	311.506	['master
ses-005_task-wolf15	sub-01	311.538	311.842	diver.
ses-005_task-wolf15	sub-01	311.866	311.978	You
ses-005_task-wolf15	sub-01	311.994	312.122	hear
ses-005_task-wolf15	sub-01	312.146	312.45	that?
ses-005_task-wolf15	sub-01	312.53	312.722	I'm
ses-005_task-wolf15	sub-01	312.746	312.882	a']
ses-005_task-wolf15	sub-01	312.906	313.186	['master
ses-005_task-wolf15	sub-01	313.218	313.53000000000003	diver.
ses-005_task-wolf15	sub-01	313.57	313.674	No
ses-005_task-wolf15	sub-01	313.682	313.882	one's
ses-005_task-wolf15	sub-01	313.906	314.06600000000003	gonna']
ses-005_task-wolf15	sub-01	314.098	314.426	fucking
ses-005_task-wolf15	sub-01	314.458	314.826	die.
ses-005_task-wolf15	sub-01	314.898	315.05800000000005	I
ses-005_task-wolf15	sub-01	315.074	315.202	got
ses-005_task-wolf15	sub-01	315.226	315.722	you.
ses-005_task-wolf15	sub-01	315.866	316.074	I
ses-005_task-wolf15	sub-01	316.082	316.226	got
ses-005_task-wolf15	sub-01	316.258	316.426	you.
ses-005_task-wolf15	sub-01	316.458	316.69000000000005	Trust
ses-005_task-wolf15	sub-01	316.73	316.858	me,
ses-005_task-wolf15	sub-01	316.874	317.47400000000005	okay?
ses-005_task-wolf15	sub-01	317.602	317.818	I
ses-005_task-wolf15	sub-01	317.834	317.986	love
ses-005_task-wolf15	sub-01	318.018	318.59	you.
ses-005_task-wolf15	sub-01	319.51	319.846	Just
ses-005_task-wolf15	sub-01	319.878	320.022	hold
ses-005_task-wolf15	sub-01	320.046	320.182	on
ses-005_task-wolf15	sub-01	320.206	320.77000000000004	tight.
ses-005_task-wolf15	sub-01	322.15	323.01	Donnie.
ses-005_task-wolf15	sub-01	324.67	325.00600000000003	Hold
ses-005_task-wolf15	sub-01	325.038	325.158	on,
ses-005_task-wolf15	sub-01	325.174	325.878	baby.
ses-005_task-wolf15	sub-01	326.054	326.92999999999995	Donnie.
ses-005_task-wolf15	sub-01	329.15	330.09	Donnie.
ses-005_task-wolf15	sub-01	330.51	331.062	What?
ses-005_task-wolf15	sub-01	331.166	331.382	Hold
ses-005_task-wolf15	sub-01	331.406	331.51800000000003	on,
ses-005_task-wolf15	sub-01	331.534	332.17	baby.
ses-005_task-wolf15	sub-01	333.15	333.438	['I
ses-005_task-wolf15	sub-01	333.454	333.558	don't
ses-005_task-wolf15	sub-01	333.574	333.726	want']
ses-005_task-wolf15	sub-01	333.758	334.006	die,
ses-005_task-wolf15	sub-01	334.038	334.718	Jordan.
ses-005_task-wolf15	sub-01	334.854	335.078	I
ses-005_task-wolf15	sub-01	335.094	335.222	did
ses-005_task-wolf15	sub-01	335.246	335.31	['a
ses-005_task-wolf15	sub-01	335.31	335.422	lot
ses-005_task-wolf15	sub-01	335.446	335.55800000000005	of
ses-005_task-wolf15	sub-01	335.574	335.774	back
ses-005_task-wolf15	sub-01	335.822	336.022	shit.
ses-005_task-wolf15	sub-01	336.046	336.182	I'm
ses-005_task-wolf15	sub-01	336.206	336.36600000000004	going
ses-005_task-wolf15	sub-01	336.398	336.54200000000003	to']
ses-005_task-wolf15	sub-01	336.566	336.806	hell.
ses-005_task-wolf15	sub-01	336.838	337.53400000000005	Jordan,
ses-005_task-wolf15	sub-01	337.662	338.15	I fucked
ses-005_task-wolf15	sub-01	338.19	338.678	up.
ses-005_task-wolf15	sub-01	338.814	339.11	I
ses-005_task-wolf15	sub-01	339.15	339.54999999999995	fucked
ses-005_task-wolf15	sub-01	339.59	339.78999999999996	up
ses-005_task-wolf15	sub-01	339.83	340.03	so
ses-005_task-wolf15	sub-01	340.07	340.534	bad.
ses-005_task-wolf15	sub-01	340.662	340.95	Get
ses-005_task-wolf15	sub-01	340.99	341.166	the
ses-005_task-wolf15	sub-01	341.198	341.726	ludes
ses-005_task-wolf15	sub-01	341.758	342.846	downstairs.
ses-005_task-wolf15	sub-01	342.998	343.262	What
ses-005_task-wolf15	sub-01	343.286	343.374	are
ses-005_task-wolf15	sub-01	343.382	343.526	you
ses-005_task-wolf15	sub-01	343.558	344.13	saying?
ses-005_task-wolf15	sub-01	346.91	347.31800000000004	['Get
ses-005_task-wolf15	sub-01	347.374	347.63800000000003	the
ses-005_task-wolf15	sub-01	347.694	348.12600000000003	ludes.
ses-005_task-wolf15	sub-01	348.198	348.358	I
ses-005_task-wolf15	sub-01	348.374	348.54200000000003	"can't""""]"
ses-005_task-wolf15	sub-01	348.566	348.702	['go
ses-005_task-wolf15	sub-01	348.726	348.862	down
ses-005_task-wolf15	sub-01	348.886	349.206	there.
ses-005_task-wolf15	sub-01	349.238	349.43	It's
ses-005_task-wolf15	sub-01	349.47	349.718	flooded.
ses-005_task-wolf15	sub-01	349.734	349.88599999999997	"It's""""]"
ses-005_task-wolf15	sub-01	349.918	350.262	3ft
ses-005_task-wolf15	sub-01	350.286	350.422	of
ses-005_task-wolf15	sub-01	350.446	350.63000000000005	water
ses-005_task-wolf15	sub-01	350.67	351.074	down there.
ses-005_task-wolf15	sub-01	351.182	351.594	I
ses-005_task-wolf15	sub-01	351.682	352.002	will
ses-005_task-wolf15	sub-01	352.066	352.554	not
ses-005_task-wolf15	sub-01	352.682	353.25	die
ses-005_task-wolf15	sub-01	353.37	353.93	sober.
ses-005_task-wolf15	sub-01	354.01	354.25	Get
ses-005_task-wolf15	sub-01	354.29	354.562	those
ses-005_task-wolf15	sub-01	354.626	355.07399999999996	fucking
ses-005_task-wolf15	sub-01	355.122	355.954	ludes.
ses-005_task-wolf15	sub-01	356.082	356.818	Okay.
ses-005_task-wolf15	sub-01	356.954	357.298	Go.
ses-005_task-wolf15	sub-01	357.354	358.07	Okay.
ses-005_task-wolf15	sub-01	360.97	361.37800000000004	"[""""Where's"
ses-005_task-wolf15	sub-01	361.394	361.522	he
ses-005_task-wolf15	sub-01	361.546	361.89799999999997	going?']
ses-005_task-wolf15	sub-01	361.994	362.17800000000005	No,
ses-005_task-wolf15	sub-01	362.194	362.322	no,
ses-005_task-wolf15	sub-01	362.346	362.458	no,
ses-005_task-wolf15	sub-01	362.474	362.72999999999996	baby.
ses-005_task-wolf15	sub-01	362.77	363.418	Donnie.
ses-005_task-wolf15	sub-01	363.554	363.77799999999996	What?
ses-005_task-wolf15	sub-01	363.794	363.87399999999997	Is
ses-005_task-wolf15	sub-01	363.882	364.002	he
ses-005_task-wolf15	sub-01	364.026	364.37	fucking
ses-005_task-wolf15	sub-01	364.41	365.15000000000003	crazy?
ses-005_task-wolf15	sub-01	378.09	379.00199999999995	Jesus
ses-005_task-wolf15	sub-01	379.146	379.83000000000004	Christ.
ses-005_task-wolf15	sub-01	381.45	381.834	Come
ses-005_task-wolf15	sub-01	381.882	382.258	on.
ses-005_task-wolf15	sub-01	382.354	382.60999999999996	Get
ses-005_task-wolf15	sub-01	382.65	382.87399999999997	away
ses-005_task-wolf15	sub-01	382.922	383.08200000000005	from
ses-005_task-wolf15	sub-01	383.106	383.266	the
ses-005_task-wolf15	sub-01	383.298	384.07	window.
ses-005_task-wolf15	sub-01	388.29	389.098	['...Naomi
ses-005_task-wolf15	sub-01	389.154	389.442	
ses-005_task-wolf15	sub-01	389.466	389.746	we're
ses-005_task-wolf15	sub-01	389.818	390.26599999999996	going
ses-005_task-wolf15	sub-01	390.378	390.578	I
ses-005_task-wolf15	sub-01	390.594	390.746	got
ses-005_task-wolf15	sub-01	390.778	391.33000000000004	them!
ses-005_task-wolf15	sub-01	391.49	391.762	I
ses-005_task-wolf15	sub-01	391.786	391.922	got
ses-005_task-wolf15	sub-01	391.946	392.51000000000005	them!
ses-005_task-wolf15	sub-01	396.45	396.81	This
ses-005_task-wolf15	sub-01	396.85	397.002	is
ses-005_task-wolf15	sub-01	397.026	397.18600000000004	a
ses-005_task-wolf15	sub-01	397.218	397.634	fucking...
ses-005_task-wolf15	sub-01	417.03	417.342	The
ses-005_task-wolf15	sub-01	417.366	417.566	nice
ses-005_task-wolf15	sub-01	417.598	417.79	thing
ses-005_task-wolf15	sub-01	417.83	418.03	about
ses-005_task-wolf15	sub-01	418.07	418.294	getting
ses-005_task-wolf15	sub-01	418.342	418.66999999999996	rescued
ses-005_task-wolf15	sub-01	418.71	418.88599999999997	by
ses-005_task-wolf15	sub-01	418.918	419.686	Italians
ses-005_task-wolf15	sub-01	419.838	420.07800000000003	is
ses-005_task-wolf15	sub-01	420.094	420.222	that
ses-005_task-wolf15	sub-01	420.246	420.406	they
ses-005_task-wolf15	sub-01	420.438	420.69399999999996	feed
ses-005_task-wolf15	sub-01	420.742	421.214	you,
ses-005_task-wolf15	sub-01	421.342	421.582	make
ses-005_task-wolf15	sub-01	421.606	421.718	you
ses-005_task-wolf15	sub-01	421.734	421.974	drink
ses-005_task-wolf15	sub-01	422.022	422.254	red
ses-005_task-wolf15	sub-01	422.302	422.97	wine,
ses-005_task-wolf15	sub-01	423.51	423.846	then
ses-005_task-wolf15	sub-01	423.878	423.974	you
ses-005_task-wolf15	sub-01	423.982	424.10200000000003	get
ses-005_task-wolf15	sub-01	424.126	424.262	to
ses-005_task-wolf15	sub-01	424.286	424.89	dance.
ses-005_task-wolf15	sub-01	442.15	442.438	Did
ses-005_task-wolf15	sub-01	442.454	442.558	you
ses-005_task-wolf15	sub-01	442.574	442.726	see
ses-005_task-wolf15	sub-01	442.758	443.33	that?
ses-005_task-wolf15	sub-01	444.31	444.598	That
ses-005_task-wolf15	sub-01	444.614	444.71799999999996	was
ses-005_task-wolf15	sub-01	444.734	444.88599999999997	the
ses-005_task-wolf15	sub-01	444.918	445.218	plane
ses-005_task-wolf15	sub-01	445.294	445.48199999999997	I
ses-005_task-wolf15	sub-01	445.506	445.666	sent
ses-005_task-wolf15	sub-01	445.698	445.842	to
ses-005_task-wolf15	sub-01	445.866	446.05	come
ses-005_task-wolf15	sub-01	446.09	446.28999999999996	get
ses-005_task-wolf15	sub-01	446.33	446.90999999999997	us.
ses-005_task-wolf15	sub-01	447.97	448.28200000000004	I
ses-005_task-wolf15	sub-01	448.306	448.546	shit
ses-005_task-wolf15	sub-01	448.578	448.722	you
ses-005_task-wolf15	sub-01	448.746	448.93	not,
ses-005_task-wolf15	sub-01	448.97	449.146	it
ses-005_task-wolf15	sub-01	449.178	449.77	exploded
ses-005_task-wolf15	sub-01	449.81	449.938	when
ses-005_task-wolf15	sub-01	449.954	450.058	a
ses-005_task-wolf15	sub-01	450.074	450.49	seagull
ses-005_task-wolf15	sub-01	450.53	450.746	flew
ses-005_task-wolf15	sub-01	450.778	450.946	into
ses-005_task-wolf15	sub-01	450.978	451.146	the
ses-005_task-wolf15	sub-01	451.178	451.754	engine.
ses-005_task-wolf15	sub-01	451.882	452.194	Three
ses-005_task-wolf15	sub-01	452.242	452.546	people
ses-005_task-wolf15	sub-01	452.618	453.31	killed.
ses-005_task-wolf15	sub-01	457.93	458.298	You
ses-005_task-wolf15	sub-01	458.314	458.394	want
ses-005_task-wolf15	sub-01	458.402	458.498	a
ses-005_task-wolf15	sub-01	458.514	458.714	sign
ses-005_task-wolf15	sub-01	458.762	458.946	from
ses-005_task-wolf15	sub-01	458.978	459.59000000000003	God?
ses-005_task-wolf15	sub-01	460.05	460.41	['After
ses-005_task-wolf15	sub-01	460.45	460.626	all
ses-005_task-wolf15	sub-01	460.658	460.85	this
ses-005_task-wolf15	sub-01	460.89	461.09	
ses-005_task-wolf15	sub-01	461.13	461.466	I'd
ses-005_task-wolf15	sub-01	461.498	461.642	finally
ses-005_task-wolf15	sub-01	461.666	461.85	got
ses-005_task-wolf15	sub-01	461.89	462.55	message.
ses-005_task-wolf15	sub-01	468.49	468.802	Do
ses-005_task-wolf15	sub-01	468.826	469.01000000000005	you
ses-005_task-wolf15	sub-01	469.05	469.346	dream
ses-005_task-wolf15	sub-01	469.378	469.546	of
ses-005_task-wolf15	sub-01	469.578	469.99399999999997	becoming
ses-005_task-wolf15	sub-01	470.082	470.978	financially
ses-005_task-wolf15	sub-01	471.034	471.858	independent,
ses-005_task-wolf15	sub-01	471.954	472.282	but
ses-005_task-wolf15	sub-01	472.346	472.802	struggle
ses-005_task-wolf15	sub-01	472.866	473.138	every
ses-005_task-wolf15	sub-01	473.194	473.482	month
ses-005_task-wolf15	sub-01	473.546	473.794	just
ses-005_task-wolf15	sub-01	473.842	474.002	to
ses-005_task-wolf15	sub-01	474.026	474.16200000000003	pay
ses-005_task-wolf15	sub-01	474.186	474.346	your
ses-005_task-wolf15	sub-01	474.378	474.882	bills?
ses-005_task-wolf15	sub-01	474.986	475.202	Would
ses-005_task-wolf15	sub-01	475.226	475.362	you
ses-005_task-wolf15	sub-01	475.386	475.49800000000005	like
ses-005_task-wolf15	sub-01	475.514	475.618	to
ses-005_task-wolf15	sub-01	475.634	475.786	own
ses-005_task-wolf15	sub-01	475.818	475.938	a
ses-005_task-wolf15	sub-01	475.954	476.13	home
ses-005_task-wolf15	sub-01	476.17	476.346	like
ses-005_task-wolf15	sub-01	476.378	476.846	this,
ses-005_task-wolf15	sub-01	476.978	477.19800000000004	but
ses-005_task-wolf15	sub-01	477.214	477.342	can
ses-005_task-wolf15	sub-01	477.366	477.614	barely
ses-005_task-wolf15	sub-01	477.662	477.926	afford
ses-005_task-wolf15	sub-01	477.958	478.10200000000003	to
ses-005_task-wolf15	sub-01	478.126	478.286	pay
ses-005_task-wolf15	sub-01	478.318	478.486	your
ses-005_task-wolf15	sub-01	478.518	479.102	rent?
ses-005_task-wolf15	sub-01	479.246	479.52599999999995	My
ses-005_task-wolf15	sub-01	479.558	479.702	name
ses-005_task-wolf15	sub-01	479.726	479.862	is
ses-005_task-wolf15	sub-01	479.886	480.206	Jordan
ses-005_task-wolf15	sub-01	480.238	480.798	Belfort
ses-005_task-wolf15	sub-01	480.854	480.998	and
ses-005_task-wolf15	sub-01	481.014	481.142	there
ses-005_task-wolf15	sub-01	481.166	481.326	is
ses-005_task-wolf15	sub-01	481.358	481.526	no
ses-005_task-wolf15	sub-01	481.558	481.774	secret
ses-005_task-wolf15	sub-01	481.822	481.982	to
ses-005_task-wolf15	sub-01	482.006	482.238	wealth
ses-005_task-wolf15	sub-01	482.294	482.902	creation.
ses-005_task-wolf15	sub-01	483.006	483.198	No
ses-005_task-wolf15	sub-01	483.214	483.414	matter
ses-005_task-wolf15	sub-01	483.462	483.67	who
ses-005_task-wolf15	sub-01	483.71	483.88599999999997	you
ses-005_task-wolf15	sub-01	483.918	484.206	are,
ses-005_task-wolf15	sub-01	484.278	484.43800000000005	no
ses-005_task-wolf15	sub-01	484.454	484.63	matter
ses-005_task-wolf15	sub-01	484.67	484.822	where
ses-005_task-wolf15	sub-01	484.846	485.03000000000003	you
ses-005_task-wolf15	sub-01	485.07	485.246	came
ses-005_task-wolf15	sub-01	485.278	485.63800000000003	from,
ses-005_task-wolf15	sub-01	485.734	485.966	you
ses-005_task-wolf15	sub-01	485.998	486.19	too
ses-005_task-wolf15	sub-01	486.23	486.43	can
ses-005_task-wolf15	sub-01	486.47	486.742	become
ses-005_task-wolf15	sub-01	486.806	487.57399999999996	financially
ses-005_task-wolf15	sub-01	487.622	488.286	independent
ses-005_task-wolf15	sub-01	488.358	488.54200000000003	in
ses-005_task-wolf15	sub-01	488.566	488.774	just
ses-005_task-wolf15	sub-01	488.822	488.982	a
ses-005_task-wolf15	sub-01	489.006	489.142	matter
ses-005_task-wolf15	sub-01	489.166	489.374	of
ses-005_task-wolf15	sub-01	489.422	489.99	months.
ses-005_task-wolf15	sub-01	490.15	490.44599999999997	All
ses-005_task-wolf15	sub-01	490.478	490.67	you
ses-005_task-wolf15	sub-01	490.71	491.198	need
ses-005_task-wolf15	sub-01	491.334	491.582	is
ses-005_task-wolf15	sub-01	491.606	491.79	a
ses-005_task-wolf15	sub-01	491.83	492.334	strategy.
ses-005_task-wolf15	sub-01	492.382	492.51800000000003	When
ses-005_task-wolf15	sub-01	492.534	492.638	I
ses-005_task-wolf15	sub-01	492.654	492.806	was
ses-005_task-wolf15	sub-01	492.838	493.398	24
ses-005_task-wolf15	sub-01	493.454	493.646	years
ses-005_task-wolf15	sub-01	493.678	493.966	old,
ses-005_task-wolf15	sub-01	494.038	494.22200000000004	I
ses-005_task-wolf15	sub-01	494.246	494.382	made
ses-005_task-wolf15	sub-01	494.406	494.56600000000003	a
ses-005_task-wolf15	sub-01	494.598	495.12600000000003	decision
ses-005_task-wolf15	sub-01	495.278	495.54200000000003	not
ses-005_task-wolf15	sub-01	495.566	495.726	just
ses-005_task-wolf15	sub-01	495.758	495.926	to
ses-005_task-wolf15	sub-01	495.958	496.67800000000005	survive,
ses-005_task-wolf15	sub-01	496.814	497.062	but
ses-005_task-wolf15	sub-01	497.086	497.24600000000004	to
ses-005_task-wolf15	sub-01	497.278	497.80600000000004	['thrive.
ses-005_task-wolf15	sub-01	497.918	498.118	At
ses-005_task-wolf15	sub-01	498.134	498.286	first
ses-005_task-wolf15	sub-01	498.318	498.438	
ses-005_task-wolf15	sub-01	498.454	498.606	I
ses-005_task-wolf15	sub-01	498.638	498.854	didn't
ses-005_task-wolf15	sub-01	498.902	499.086	feel
ses-005_task-wolf15	sub-01	499.118	499.42199999999997	deals
ses-005_task-wolf15	sub-01	499.446	499.58200000000005	like
ses-005_task-wolf15	sub-01	499.606	499.766	these
ses-005_task-wolf15	sub-01	499.798	499.942	were
ses-005_task-wolf15	sub-01	499.966	500.342	possible.
ses-005_task-wolf15	sub-01	500.446	500.63800000000003	But
ses-005_task-wolf15	sub-01	500.654	500.782	we
ses-005_task-wolf15	sub-01	500.806	500.918	have
ses-005_task-wolf15	sub-01	500.934	501.086	the
ses-005_task-wolf15	sub-01	501.118	501.43	house
ses-005_task-wolf15	sub-01	501.51	501.678	and
ses-005_task-wolf15	sub-01	501.694	501.822	we
ses-005_task-wolf15	sub-01	501.846	501.958	have
ses-005_task-wolf15	sub-01	501.974	502.126	a
ses-005_task-wolf15	sub-01	502.158	503.19	$33,000
ses-005_task-wolf15	sub-01	503.23	503.822	profit.
ses-005_task-wolf15	sub-01	503.926	504.19	I
ses-005_task-wolf15	sub-01	504.23	504.56600000000003	certainly
ses-005_task-wolf15	sub-01	504.598	504.814	believe
ses-005_task-wolf15	sub-01	504.862	505.166	now.
ses-005_task-wolf15	sub-01	505.238	505.446	Think
ses-005_task-wolf15	sub-01	505.478	505.598	about
ses-005_task-wolf15	sub-01	505.614	505.71799999999996	it
ses-005_task-wolf15	sub-01	505.734	505.83799999999997	for
ses-005_task-wolf15	sub-01	505.854	505.98199999999997	a
ses-005_task-wolf15	sub-01	506.006	506.45399999999995	second.
ses-005_task-wolf15	sub-01	506.582	506.798	['If
ses-005_task-wolf15	sub-01	506.814	506.894	you
ses-005_task-wolf15	sub-01	506.902	506.998	don't
ses-005_task-wolf15	sub-01	507.014	507.118	have
ses-005_task-wolf15	sub-01	507.134	507.286	the
ses-005_task-wolf15	sub-01	507.318	507.51	guts
ses-005_task-wolf15	sub-01	507.55	507.678	to
ses-005_task-wolf15	sub-01	507.694	507.95	attend']
ses-005_task-wolf15	sub-01	507.99	508.262	Jordan
ses-005_task-wolf15	sub-01	508.286	508.882	Belfort
ses-005_task-wolf15	sub-01	508.966	509.202	straight
ses-005_task-wolf15	sub-01	509.226	509.434	line
ses-005_task-wolf15	sub-01	509.482	509.97	persuasion
ses-005_task-wolf15	sub-01	510.01	510.258	system
ses-005_task-wolf15	sub-01	510.314	511.002	seminar,
ses-005_task-wolf15	sub-01	511.146	511.426	then
ses-005_task-wolf15	sub-01	511.458	511.57800000000003	how
ses-005_task-wolf15	sub-01	511.594	511.65	do
ses-005_task-wolf15	sub-01	511.65	511.738	you
ses-005_task-wolf15	sub-01	511.754	511.954	expect
ses-005_task-wolf15	sub-01	512.002	512.1379999999999	to
ses-005_task-wolf15	sub-01	512.154	512.282	make
ses-005_task-wolf15	sub-01	512.306	512.442	any
ses-005_task-wolf15	sub-01	512.466	512.65	money?
ses-005_task-wolf15	sub-01	512.69	512.8420000000001	You
ses-005_task-wolf15	sub-01	512.866	512.954	want
ses-005_task-wolf15	sub-01	512.962	513.034	to
ses-005_task-wolf15	sub-01	513.042	513.138	be
ses-005_task-wolf15	sub-01	513.154	513.282	a
ses-005_task-wolf15	sub-01	513.306	513.73	millionaire
ses-005_task-wolf15	sub-01	513.77	514.346	someday?
ses-005_task-wolf15	sub-01	514.458	514.682	Have
ses-005_task-wolf15	sub-01	514.706	514.89	some
ses-005_task-wolf15	sub-01	514.93	515.386	guts.
ses-005_task-wolf15	sub-01	515.498	515.6980000000001	Make
ses-005_task-wolf15	sub-01	515.714	515.8660000000001	a
ses-005_task-wolf15	sub-01	515.898	516.378	decision.
ses-005_task-wolf15	sub-01	516.514	516.8580000000001	Jordan
ses-005_task-wolf15	sub-01	516.874	517.2420000000001	Belfort
ses-005_task-wolf15	sub-01	517.266	517.3779999999999	said,
ses-005_task-wolf15	sub-01	517.394	517.498	it
ses-005_task-wolf15	sub-01	517.514	517.658	worked
ses-005_task-wolf15	sub-01	517.674	517.802	for
ses-005_task-wolf15	sub-01	517.826	517.938	me
ses-005_task-wolf15	sub-01	517.954	518.178	because
ses-005_task-wolf15	sub-01	518.234	518.402	I
ses-005_task-wolf15	sub-01	518.426	518.642	worked
ses-005_task-wolf15	sub-01	518.666	518.802	hard
ses-005_task-wolf15	sub-01	518.826	518.962	for
ses-005_task-wolf15	sub-01	518.986	519.386	it.
ses-005_task-wolf15	sub-01	519.498	519.6740000000001	And
ses-005_task-wolf15	sub-01	519.682	519.778	if
ses-005_task-wolf15	sub-01	519.794	519.922	it
ses-005_task-wolf15	sub-01	519.946	520.1460000000001	"[""""doesn't"
ses-005_task-wolf15	sub-01	520.178	520.322	work
ses-005_task-wolf15	sub-01	520.346	520.482	for
ses-005_task-wolf15	sub-01	520.506	520.93	you
ses-005_task-wolf15	sub-01	521.05	521.298	
ses-005_task-wolf15	sub-01	521.314	521.49	it's
ses-005_task-wolf15	sub-01	521.53	521.706	"[""""you're"
ses-005_task-wolf15	sub-01	521.738	522.0260000000001	lazy.
ses-005_task-wolf15	sub-01	522.058	522.154	And
ses-005_task-wolf15	sub-01	522.162	522.258	you
ses-005_task-wolf15	sub-01	522.274	522.378	should
ses-005_task-wolf15	sub-01	522.394	522.498	get
ses-005_task-wolf15	sub-01	522.514	522.594	a
ses-005_task-wolf15	sub-01	522.602	522.722	job
ses-005_task-wolf15	sub-01	522.746	522.858	at']
ses-005_task-wolf15	sub-01	522.874	523.346	"[""""McDonald's."
ses-005_task-wolf15	sub-01	523.378	523.522	There's
ses-005_task-wolf15	sub-01	523.546	523.8660000000001	nobody
ses-005_task-wolf15	sub-01	523.898	524.162	holding
ses-005_task-wolf15	sub-01	524.186	524.346	you']
ses-005_task-wolf15	sub-01	524.378	524.57	back
ses-005_task-wolf15	sub-01	524.61	524.8580000000001	from
ses-005_task-wolf15	sub-01	524.914	525.37	financial
ses-005_task-wolf15	sub-01	525.49	526.186	['freedom
ses-005_task-wolf15	sub-01	526.298	526.522	
ses-005_task-wolf15	sub-01	526.546	526.73	and
ses-005_task-wolf15	sub-01	526.77	527.154	there's
ses-005_task-wolf15	sub-01	527.202	527.61	stopping
ses-005_task-wolf15	sub-01	527.65	527.826	you
ses-005_task-wolf15	sub-01	527.858	528.074	from
ses-005_task-wolf15	sub-01	528.122	528.4259999999999	making
ses-005_task-wolf15	sub-01	528.498	529.162	['millions.
ses-005_task-wolf15	sub-01	529.266	529.5219999999999	Don't
ses-005_task-wolf15	sub-01	529.546	529.706	just
ses-005_task-wolf15	sub-01	529.738	529.8820000000001	sit
ses-005_task-wolf15	sub-01	529.906	530.0419999999999	at']
ses-005_task-wolf15	sub-01	530.066	530.442	home,
ses-005_task-wolf15	sub-01	530.546	530.7620000000001	or
ses-005_task-wolf15	sub-01	530.786	530.9459999999999	the
ses-005_task-wolf15	sub-01	530.978	531.146	life
ses-005_task-wolf15	sub-01	531.178	531.298	of
ses-005_task-wolf15	sub-01	531.314	531.49	your
ses-005_task-wolf15	sub-01	531.53	531.906	dreams
ses-005_task-wolf15	sub-01	531.938	532.082	will
ses-005_task-wolf15	sub-01	532.106	532.418	sail
ses-005_task-wolf15	sub-01	532.474	532.69	right
ses-005_task-wolf15	sub-01	532.73	533.3100000000001	past.
ses-005_task-wolf15	sub-01	536.05	536.386	I
ses-005_task-wolf15	sub-01	536.418	536.722	['changed
ses-005_task-wolf15	sub-01	536.746	536.93	all
ses-005_task-wolf15	sub-01	536.97	537.1700000000001	these
ses-005_task-wolf15	sub-01	537.21	537.6500000000001	"people's""""]"
ses-005_task-wolf15	sub-01	537.69	538.0340000000001	lives.
ses-005_task-wolf15	sub-01	538.122	538.298	And
ses-005_task-wolf15	sub-01	538.314	538.442	I
ses-005_task-wolf15	sub-01	538.466	538.65	can
ses-005_task-wolf15	sub-01	538.69	538.9140000000001	change
ses-005_task-wolf15	sub-01	538.962	539.33	yours,
ses-005_task-wolf15	sub-01	539.37	539.69	too.
ses-005_task-wolf15	sub-01	539.77	539.962	So
ses-005_task-wolf15	sub-01	539.986	540.122	come
ses-005_task-wolf15	sub-01	540.146	540.2819999999999	to
ses-005_task-wolf15	sub-01	540.306	540.442	my
ses-005_task-wolf15	sub-01	540.466	541.03	seminar.
ses-005_task-wolf15	sub-01	541.13	541.342	The
ses-005_task-wolf15	sub-01	541.366	541.526	life
ses-005_task-wolf15	sub-01	541.558	541.678	of
ses-005_task-wolf15	sub-01	541.694	541.822	your
ses-005_task-wolf15	sub-01	541.846	542.118	dreams
ses-005_task-wolf15	sub-01	542.134	542.2620000000001	is
ses-005_task-wolf15	sub-01	542.286	542.5419999999999	only.
ses-005_task-wolf15	sub-01	542.606	542.806	Good
ses-005_task-wolf15	sub-01	542.838	542.982	to
ses-005_task-wolf15	sub-01	543.006	543.1419999999999	see
ses-005_task-wolf15	sub-01	543.166	543.302	you
ses-005_task-wolf15	sub-01	543.326	543.558	again,
ses-005_task-wolf15	sub-01	543.614	544.19	['Jordan.
ses-005_task-wolf15	sub-01	544.27	544.486	You're
ses-005_task-wolf15	sub-01	544.518	544.734	under']
ses-005_task-wolf15	sub-01	544.782	545.37	arrest.
ses-005_task-wolf15	sub-01	545.71	545.974	You
ses-005_task-wolf15	sub-01	545.982	546.158	gotta
ses-005_task-wolf15	sub-01	546.174	546.302	be
ses-005_task-wolf15	sub-01	546.326	547.0500000000001	joking.
ses-005_task-wolf15	sub-01	548.47	548.902	Kidding
ses-005_task-wolf15	sub-01	548.926	549.038	me
ses-005_task-wolf15	sub-01	549.054	549.518	now?
ses-005_task-wolf15	sub-01	549.654	550.134	Hey,
ses-005_task-wolf15	sub-01	550.222	550.398	hey.
ses-005_task-wolf15	sub-01	550.414	550.518	Get
ses-005_task-wolf15	sub-01	550.534	550.638	the
ses-005_task-wolf15	sub-01	550.654	550.846	fuck
ses-005_task-wolf15	sub-01	550.878	551.022	away.
ses-005_task-wolf15	sub-01	551.046	551.182	Come
ses-005_task-wolf15	sub-01	551.206	551.342	['on.
ses-005_task-wolf15	sub-01	551.366	551.502	Turn
ses-005_task-wolf15	sub-01	551.526	551.6859999999999	that
ses-005_task-wolf15	sub-01	551.718	552.006	camera
ses-005_task-wolf15	sub-01	552.038	552.182	off.
ses-005_task-wolf15	sub-01	552.206	552.294	I
ses-005_task-wolf15	sub-01	552.302	552.422	don't
ses-005_task-wolf15	sub-01	552.446	552.702	fucking.']
ses-005_task-wolf15	sub-01	552.726	552.902	"[""""I'm"
ses-005_task-wolf15	sub-01	552.926	553.182	fucking
ses-005_task-wolf15	sub-01	553.206	553.438	shooting
ses-005_task-wolf15	sub-01	553.454	553.582	a
ses-005_task-wolf15	sub-01	553.606	553.886	fucking']
ses-005_task-wolf15	sub-01	553.918	554.542	infomercial
ses-005_task-wolf15	sub-01	554.566	554.726	here,
ses-005_task-wolf15	sub-01	554.758	554.902	you
ses-005_task-wolf15	sub-01	554.926	555.2460000000001	fucking
ses-005_task-wolf15	sub-01	555.278	556.198	cocksucker.
ses-005_task-wolf15	sub-01	556.334	556.6859999999999	Fuck
ses-005_task-wolf15	sub-01	556.718	556.886	you
ses-005_task-wolf15	sub-01	556.918	557.062	in
ses-005_task-wolf15	sub-01	557.086	557.174	the
ses-005_task-wolf15	sub-01	557.182	557.446	fucking
ses-005_task-wolf15	sub-01	557.478	557.774	camera.
ses-005_task-wolf15	sub-01	557.822	557.934	You
ses-005_task-wolf15	sub-01	557.942	558.062	all
ses-005_task-wolf15	sub-01	558.086	558.27	got
ses-005_task-wolf15	sub-01	558.31	558.5419999999999	shit
ses-005_task-wolf15	sub-01	558.566	558.702	on
ses-005_task-wolf15	sub-01	558.726	558.862	['me.
ses-005_task-wolf15	sub-01	558.886	560.1899999999999	"You'll""""]"
ses-005_task-wolf15	sub-01	560.23	560.51	['fuck
ses-005_task-wolf15	sub-01	560.55	560.8779999999999	yourself.
ses-005_task-wolf15	sub-01	560.934	561.102	I'm
ses-005_task-wolf15	sub-01	561.126	561.286	making
ses-005_task-wolf15	sub-01	561.318	561.438	an
ses-005_task-wolf15	sub-01	561.454	561.67	honest']
ses-005_task-wolf15	sub-01	561.71	561.974	living,
ses-005_task-wolf15	sub-01	562.022	562.206	you
ses-005_task-wolf15	sub-01	562.238	562.59	fucking
ses-005_task-wolf15	sub-01	562.63	562.846	piece
ses-005_task-wolf15	sub-01	562.878	563.022	of
ses-005_task-wolf15	sub-01	563.046	563.5500000000001	shit.
ses-005_task-wolf15	sub-01	563.67	563.966	Hey,
ses-005_task-wolf15	sub-01	563.998	564.3660000000001	Jordan,
ses-005_task-wolf15	sub-01	564.398	564.542	let
ses-005_task-wolf15	sub-01	564.566	564.678	me
ses-005_task-wolf15	sub-01	564.694	564.846	give
ses-005_task-wolf15	sub-01	564.878	564.998	you
ses-005_task-wolf15	sub-01	565.014	565.094	a
ses-005_task-wolf15	sub-01	565.102	565.27	little
ses-005_task-wolf15	sub-01	565.31	565.606	legal
ses-005_task-wolf15	sub-01	565.638	566.3100000000001	advice.
ses-005_task-wolf15	sub-01	566.47	566.83	Shut
ses-005_task-wolf15	sub-01	566.87	567.142	the
ses-005_task-wolf15	sub-01	567.206	567.534	fuck
ses-005_task-wolf15	sub-01	567.582	568.054	off.
ses-005_task-wolf15	sub-01	568.182	568.5500000000001	Fuck
ses-005_task-wolf15	sub-01	568.59	568.7660000000001	you,
ses-005_task-wolf15	sub-01	568.798	569.014	you
ses-005_task-wolf15	sub-01	569.062	569.4300000000001	['fucking
ses-005_task-wolf15	sub-01	569.47	569.726	prick.
ses-005_task-wolf15	sub-01	569.758	569.902	I'm
ses-005_task-wolf15	sub-01	569.926	570.11	making
ses-005_task-wolf15	sub-01	570.15	570.278	an
ses-005_task-wolf15	sub-01	570.294	570.51	honest']
ses-005_task-wolf15	sub-01	570.55	570.91	living,
ses-005_task-wolf15	sub-01	570.95	572.09	motherfucker.
ses-005_task-wolf15	sub-01	574.37	574.658	I
ses-005_task-wolf15	sub-01	574.674	574.866	cleaned
ses-005_task-wolf15	sub-01	574.898	575.042	up
ses-005_task-wolf15	sub-01	575.066	575.274	my
ses-005_task-wolf15	sub-01	575.322	575.578	act.
ses-005_task-wolf15	sub-01	575.634	575.802	I
ses-005_task-wolf15	sub-01	575.826	576.034	did
ses-005_task-wolf15	sub-01	576.082	576.658	['rehab.
ses-005_task-wolf15	sub-01	576.754	576.962	I'm
ses-005_task-wolf15	sub-01	576.986	577.146	a
ses-005_task-wolf15	sub-01	577.178	577.57	tv']
ses-005_task-wolf15	sub-01	577.65	578.25	['personality.
ses-005_task-wolf15	sub-01	578.29	578.442	I'm
ses-005_task-wolf15	sub-01	578.466	578.73	sober
ses-005_task-wolf15	sub-01	578.77	578.97	for
ses-005_task-wolf15	sub-01	579.01	579.306	two']
ses-005_task-wolf15	sub-01	579.378	579.682	years.
ses-005_task-wolf15	sub-01	579.746	579.946	And
ses-005_task-wolf15	sub-01	579.978	580.194	this
ses-005_task-wolf15	sub-01	580.242	580.9219999999999	happens.
ses-005_task-wolf15	sub-01	581.066	581.714	Rugrat
ses-005_task-wolf15	sub-01	581.762	581.986	goes
ses-005_task-wolf15	sub-01	582.018	582.138	and
ses-005_task-wolf15	sub-01	582.154	582.322	gets
ses-005_task-wolf15	sub-01	582.346	582.73	busted
ses-005_task-wolf15	sub-01	582.77	582.946	down
ses-005_task-wolf15	sub-01	582.978	583.098	in
ses-005_task-wolf15	sub-01	583.114	583.6020000000001	Miami.
ses-005_task-wolf15	sub-01	583.666	583.946	Swiss.
ses-005_task-wolf15	sub-01	583.978	584.122	"[""""I'm"
ses-005_task-wolf15	sub-01	584.146	584.2819999999999	not
ses-005_task-wolf15	sub-01	584.306	584.666	communist.
ses-005_task-wolf15	sub-01	584.698	584.842	And
ses-005_task-wolf15	sub-01	584.866	585.026	guess
ses-005_task-wolf15	sub-01	585.058	585.178	who
ses-005_task-wolf15	sub-01	585.194	585.322	the']
ses-005_task-wolf15	sub-01	585.346	585.61	fuck
ses-005_task-wolf15	sub-01	585.65	585.97	with?
ses-005_task-wolf15	sub-01	586.05	586.506	Saurel.
ses-005_task-wolf15	sub-01	586.538	586.634	You
ses-005_task-wolf15	sub-01	586.642	586.7620000000001	gonna
ses-005_task-wolf15	sub-01	586.786	586.962	beat
ses-005_task-wolf15	sub-01	586.986	587.41	me?
ses-005_task-wolf15	sub-01	587.53	587.85	Yeah.
ses-005_task-wolf15	sub-01	587.89	588.042	I
ses-005_task-wolf15	sub-01	588.066	588.178	know
ses-005_task-wolf15	sub-01	588.194	588.298	your
ses-005_task-wolf15	sub-01	588.314	588.61	country.
ses-005_task-wolf15	sub-01	588.69	588.8340000000001	You
ses-005_task-wolf15	sub-01	588.842	588.978	gotta
ses-005_task-wolf15	sub-01	588.994	589.1460000000001	beat
ses-005_task-wolf15	sub-01	589.178	589.418	me.
ses-005_task-wolf15	sub-01	589.474	589.8340000000001	Yeah.
ses-005_task-wolf15	sub-01	589.922	590.0740000000001	I
ses-005_task-wolf15	sub-01	590.082	590.178	mean,
ses-005_task-wolf15	sub-01	590.194	590.298	what
ses-005_task-wolf15	sub-01	590.314	590.394	are
ses-005_task-wolf15	sub-01	590.402	590.522	the
ses-005_task-wolf15	sub-01	590.546	590.8900000000001	fucking
ses-005_task-wolf15	sub-01	590.93	591.5219999999999	odds?
ses-005_task-wolf15	sub-01	591.666	591.922	There
ses-005_task-wolf15	sub-01	591.946	592.034	had
ses-005_task-wolf15	sub-01	592.042	592.138	to
ses-005_task-wolf15	sub-01	592.154	592.306	be
ses-005_task-wolf15	sub-01	592.338	592.962	10,000
ses-005_task-wolf15	sub-01	593.026	593.338	swiss
ses-005_task-wolf15	sub-01	593.394	593.746	bankers
ses-005_task-wolf15	sub-01	593.778	593.898	in
ses-005_task-wolf15	sub-01	593.914	594.418	Geneva.
ses-005_task-wolf15	sub-01	594.474	594.642	And
ses-005_task-wolf15	sub-01	594.666	595.1460000000001	Rugrat
ses-005_task-wolf15	sub-01	595.178	595.362	gets
ses-005_task-wolf15	sub-01	595.386	595.4979999999999	the
ses-005_task-wolf15	sub-01	595.514	595.642	one
ses-005_task-wolf15	sub-01	595.666	595.8660000000001	dumb
ses-005_task-wolf15	sub-01	595.898	596.066	enough
ses-005_task-wolf15	sub-01	596.098	596.218	to
ses-005_task-wolf15	sub-01	596.234	596.3620000000001	get
ses-005_task-wolf15	sub-01	596.386	596.634	himself
ses-005_task-wolf15	sub-01	596.682	597.066	arrested
ses-005_task-wolf15	sub-01	597.098	597.242	on
ses-005_task-wolf15	sub-01	597.266	597.5219999999999	US
ses-005_task-wolf15	sub-01	597.586	598.226	soil?
ses-005_task-wolf15	sub-01	598.378	598.642	I
ses-005_task-wolf15	sub-01	598.666	599.23	know.
